,learning rate,maxiter,method,f_rtol,STO-3G_energy,cc-pvtz_energy,STO-3G_opt_energy,molecule
0,0.002,1000000,Adam,1e-08,-144.34212753084006,-147.86906550422685,NaN,acetaldehyde
1,0.0002,1000000,Adam,1e-08,-144.34212753084023,-147.86906550422665,-144.56509028595514,acetaldehyde
2,2e-05,1000000,Adam,1e-08,-144.34212753083983,-147.86906550422577,-144.5587877637184,acetaldehyde
3,2e-06,1000000,Adam,1e-08,-144.34212753084012,-147.8690655042265,-144.572863998861,acetaldehyde
4,2e-07,1000000,Adam,1e-08,-144.3421275308404,-147.86906550422594,-144.34213480692773,acetaldehyde
5,2e-08,1000000,Adam,1e-08,-144.34212753084006,-147.8690655042264,-144.34212825845134,acetaldehyde
6,0.002,1000000,Adam,2e-16,-144.34212753084034,-147.86906550422538,NaN,acetaldehyde
7,0.0002,1000000,Adam,2e-16,-144.3421275308403,-147.86906550422475,NaN,acetaldehyde
8,2e-05,1000000,Adam,2e-16,-144.34212753084034,-147.8690655042251,NaN,acetaldehyde
9,2e-06,1000000,Adam,2e-16,-144.34212753084034,-147.86906550422503,NaN,acetaldehyde
10,2e-07,1000000,Adam,2e-16,-144.34212753084034,-147.86906550422543,-144.34213375234725,acetaldehyde
11,2e-08,1000000,Adam,2e-16,-144.34212753084034,-147.86906550422503,-144.34212815299327,acetaldehyde
12,2e-09,1000000,Adam,2e-16,-144.34212753084034,-147.86906550422526,-144.3421275930554,acetaldehyde
13,2e-10,1000000,Adam,2e-16,-144.34212753084034,-147.86906550422538,-144.34212753706146,acetaldehyde
0,0.002,1000000,Adam,1e-08,-215.669003267075,-220.78837245949447,NaN,acetic
1,0.0002,1000000,Adam,1e-08,-215.66900326707483,-220.7883724594953,-216.28381292778388,acetic
2,2e-05,1000000,Adam,1e-08,-215.6690032670749,-220.78837245949416,-216.2769787659241,acetic
3,2e-06,1000000,Adam,1e-08,-215.6690032670748,-220.78837245949487,-216.254051113406,acetic
4,2e-07,1000000,Adam,1e-08,-215.66900326707471,-220.78837245949487,-215.66901126202552,acetic
5,2e-08,1000000,Adam,1e-08,-215.669003267075,-220.78837245949455,-215.66900406657268,acetic
6,0.002,1000000,Adam,2e-16,-215.66900326707471,-220.7883724594959,NaN,acetic
7,0.0002,1000000,Adam,2e-16,-215.66900326707471,-220.7883724594944,NaN,acetic
8,2e-05,1000000,Adam,2e-16,-215.66900326707471,-220.78837245949543,NaN,acetic
9,2e-06,1000000,Adam,2e-16,-215.66900326707471,-220.78837245949475,NaN,acetic
10,2e-07,1000000,Adam,2e-16,-215.66900326707471,-220.7883724594955,-215.6690112620253,acetic
11,2e-08,1000000,Adam,2e-16,-215.66900326707471,-220.7883724594957,-215.66900406657257,acetic
12,2e-09,1000000,Adam,2e-16,-215.66900326707463,-220.7883724594959,-215.6690033470247,acetic
13,2e-10,1000000,Adam,2e-16,-215.66900326707471,-220.78837245949555,-215.6690032750701,acetic
0,0.002,1000000,Adam,1e-08,-1598.5370528999183,-1617.3350590813789,NaN,alcl3
1,0.0002,1000000,Adam,1e-08,-1598.5370528999165,-1617.3350590813789,-1598.4718950317674,alcl3
2,2e-05,1000000,Adam,1e-08,-1598.5370528999156,-1617.3350590813789,-1598.4752395405867,alcl3
3,2e-06,1000000,Adam,1e-08,-1598.5370528999165,-1617.3350590813789,-1598.487681437614,alcl3
4,2e-07,1000000,Adam,1e-08,-1598.5370528999165,-1617.3350590813789,-1598.537049619359,alcl3
5,2e-08,1000000,Adam,1e-08,-1598.5370528999165,-1617.3350590813784,-1598.537052571865,alcl3
6,0.002,1000000,Adam,2e-16,-1598.5370528999165,-1617.3350590813716,NaN,alcl3
7,0.0002,1000000,Adam,2e-16,-1598.5370528999165,-1617.3350590813711,NaN,alcl3
8,2e-05,1000000,Adam,2e-16,-1598.5370528999174,-1617.3350590813716,NaN,alcl3
9,2e-06,1000000,Adam,2e-16,-1598.5370528999165,-1617.3350590813711,NaN,alcl3
10,2e-07,1000000,Adam,2e-16,-1598.5370528999165,-1617.3350590813711,-1598.5370498053835,alcl3
11,2e-08,1000000,Adam,2e-16,-1598.5370528999165,-1617.3350590813711,-1598.5370525904682,alcl3
12,2e-09,1000000,Adam,2e-16,-1598.5370528999165,-1617.3350590813711,-1598.5370528689723,alcl3
13,2e-10,1000000,Adam,2e-16,-1598.5370528999165,-1617.335059081371,-1598.5370528968238,alcl3
0,0.002,1000000,Adam,1e-08,-692.8565355148826,-701.0645327802196,NaN,alcl
1,0.0002,1000000,Adam,1e-08,-692.8565355148828,-701.0645327802196,NaN,alcl
2,2e-05,1000000,Adam,1e-08,-692.8565355148826,-701.0645327802195,-692.7664740353242,alcl
3,2e-06,1000000,Adam,1e-08,-692.8565355148824,-701.0645327802195,-692.7697461372043,alcl
4,2e-07,1000000,Adam,1e-08,-692.856535514883,-701.0645327802195,-692.8565361675136,alcl
5,2e-08,1000000,Adam,1e-08,-692.8565355148826,-701.0645327802196,-692.8565355801467,alcl
6,0.002,1000000,Adam,2e-16,-692.856535514883,-701.0645327802224,NaN,alcl
7,0.0002,1000000,Adam,2e-16,-692.856535514883,-701.0645327802224,NaN,alcl
8,2e-05,1000000,Adam,2e-16,-692.856535514883,-701.0645327802224,NaN,alcl
9,2e-06,1000000,Adam,2e-16,-692.856535514883,-701.0645327802223,NaN,alcl
10,2e-07,1000000,Adam,2e-16,-692.856535514883,-701.0645327802224,-692.8565361675137,alcl
11,2e-08,1000000,Adam,2e-16,-692.856535514883,-701.0645327802224,-692.8565355801462,alcl
12,2e-09,1000000,Adam,2e-16,-692.856535514883,-701.0645327802224,-692.856535521409,alcl
13,2e-10,1000000,Adam,2e-16,-692.856535514883,-701.0645327802224,-692.8565355155349,alcl
0,0.002,1000000,Adam,1e-08,-527.7035465197081,-535.5282074412821,NaN,alf3
1,0.0002,1000000,Adam,1e-08,-527.7035465197087,-535.528207441282,NaN,alf3
2,2e-05,1000000,Adam,1e-08,-527.7035465197081,-535.5282074412822,-527.8930908876571,alf3
3,2e-06,1000000,Adam,1e-08,-527.7035465197076,-535.528207441282,-527.9070225416368,alf3
4,2e-07,1000000,Adam,1e-08,-527.7035465197076,-535.5282074412821,-527.7035494916041,alf3
5,2e-08,1000000,Adam,1e-08,-527.7035465197083,-535.5282074412822,-527.7035468168993,alf3
6,0.002,1000000,Adam,2e-16,-527.7035465197081,-535.5282074412818,NaN,alf3
7,0.0002,1000000,Adam,2e-16,-527.7035465197081,-535.5282074412816,NaN,alf3
8,2e-05,1000000,Adam,2e-16,-527.7035465197081,-535.5282074412816,NaN,alf3
9,2e-06,1000000,Adam,2e-16,-527.7035465197081,-535.5282074412816,NaN,alf3
10,2e-07,1000000,Adam,2e-16,-527.7035465197081,-535.5282074412814,-527.7035494916032,alf3
11,2e-08,1000000,Adam,2e-16,-527.7035465197081,-535.5282074412817,-527.703546816899,alf3
12,2e-09,1000000,Adam,2e-16,-527.7035465197081,-535.5282074412816,-527.7035465494276,alf3
13,2e-10,1000000,Adam,2e-16,-527.7035465197081,-535.5282074412817,-527.7035465226814,alf3
0,0.002,1000000,Adam,1e-08,-335.6553473111109,-340.2726846093604,NaN,alf
1,0.0002,1000000,Adam,1e-08,-335.6553473111108,-340.2726846093604,-333.76205267463416,alf
2,2e-05,1000000,Adam,1e-08,-335.6553473111108,-340.2726846093604,-335.7294236710208,alf
3,2e-06,1000000,Adam,1e-08,-335.65534731111063,-340.27268460936045,-335.73595843704487,alf
4,2e-07,1000000,Adam,1e-08,-335.6553473111107,-340.2726846093604,-335.6553493335859,alf
5,2e-08,1000000,Adam,1e-08,-335.65534731111075,-340.2726846093604,-335.65534751335866,alf
6,0.002,1000000,Adam,2e-16,-335.6553473111107,-340.2726846093602,NaN,alf
7,0.0002,1000000,Adam,2e-16,-335.65534731111063,-340.27268460936017,NaN,alf
8,2e-05,1000000,Adam,2e-16,-335.65534731111063,-340.27268460936017,NaN,alf
9,2e-06,1000000,Adam,2e-16,-335.65534731111063,-340.27268460936017,NaN,alf
10,2e-07,1000000,Adam,2e-16,-335.6553473111107,-340.27268460936017,-335.65534933358623,alf
11,2e-08,1000000,Adam,2e-16,-335.6553473111107,-340.27268460936017,-335.6553475133587,alf
12,2e-09,1000000,Adam,2e-16,-335.6553473111107,-340.2726846093602,-335.6553473313356,alf
13,2e-10,1000000,Adam,2e-16,-335.65534731111063,-340.2726846093602,-335.6553473131329,alf
0,0.002,1000000,Adam,1e-08,-239.75447365502097,-242.7664364882469,NaN,alh3
1,0.0002,1000000,Adam,1e-08,-239.75447365502097,-242.76643648824685,NaN,alh3
2,2e-05,1000000,Adam,1e-08,-239.7544736550211,-242.7664364882469,-239.75646012239164,alh3
3,2e-06,1000000,Adam,1e-08,-239.7544736550209,-242.76643648824685,-239.75578926185327,alh3
4,2e-07,1000000,Adam,1e-08,-239.7544736550209,-242.7664364882469,-239.7544738888313,alh3
5,2e-08,1000000,Adam,1e-08,-239.75447365502097,-242.7664364882469,-239.75447367840212,alh3
6,0.002,1000000,Adam,2e-16,-239.75447365502097,-242.76643648824796,NaN,alh3
7,0.0002,1000000,Adam,2e-16,-239.75447365502103,-242.766436488248,NaN,alh3
8,2e-05,1000000,Adam,2e-16,-239.75447365502097,-242.766436488248,NaN,alh3
9,2e-06,1000000,Adam,2e-16,-239.75447365502097,-242.766436488248,NaN,alh3
10,2e-07,1000000,Adam,2e-16,-239.75447365502097,-242.766436488248,-239.75447388883143,alh3
11,2e-08,1000000,Adam,2e-16,-239.75447365502097,-242.76643648824796,-239.75447367840192,alh3
12,2e-09,1000000,Adam,2e-16,-239.75447365502097,-242.766436488248,-239.75447365735891,alh3
13,2e-10,1000000,Adam,2e-16,-239.75447365502097,-242.76643648824805,-239.75447365525483,alh3
0,0.002,1000000,Adam,1e-08,-239.49916522074497,-242.54184952783447,NaN,alh
1,0.0002,1000000,Adam,1e-08,-239.49916522074503,-242.54184952783444,NaN,alh
2,2e-05,1000000,Adam,1e-08,-239.49916522074489,-242.5418495278344,-239.4740249551175,alh
3,2e-06,1000000,Adam,1e-08,-239.49916522074503,-242.54184952783447,-239.47426533114603,alh
4,2e-07,1000000,Adam,1e-08,-239.49916522074503,-242.54184952783444,-239.49916352421175,alh
5,2e-08,1000000,Adam,1e-08,-239.49916522074503,-242.54184952783447,-239.49916505109175,alh
6,0.002,1000000,Adam,2e-16,-239.49916522074503,-242.5418495278344,NaN,alh
7,0.0002,1000000,Adam,2e-16,-239.49916522074508,-242.5418495278344,NaN,alh
8,2e-05,1000000,Adam,2e-16,-239.49916522074503,-242.5418495278344,NaN,alh
9,2e-06,1000000,Adam,2e-16,-239.49916522074503,-242.5418495278344,NaN,alh
10,2e-07,1000000,Adam,2e-16,-239.49916522074508,-242.5418495278344,-239.499166289748,alh
11,2e-08,1000000,Adam,2e-16,-239.49916522074503,-242.54184952783444,-239.49916532764567,alh
12,2e-09,1000000,Adam,2e-16,-239.49916522074508,-242.5418495278344,-239.49916523143492,alh
13,2e-10,1000000,Adam,2e-16,-239.49916522074508,-242.5418495278344,-239.4991652218142,alh
0,0.002,1000000,Adam,1e-08,-108.2872489607213,-110.89176518135024,NaN,allene
1,0.0002,1000000,Adam,1e-08,-108.2872489607212,-110.8917651813503,-108.64751094484323,allene
2,2e-05,1000000,Adam,1e-08,-108.28724896072124,-110.8917651813505,-108.62348997349862,allene
3,2e-06,1000000,Adam,1e-08,-108.28724896072148,-110.8917651813504,-108.4034308315595,allene
4,2e-07,1000000,Adam,1e-08,-108.28724896072112,-110.89176518135056,-108.3416966983118,allene
5,2e-08,1000000,Adam,1e-08,-108.28724896072112,-110.8917651813502,-108.2872492648782,allene
6,0.002,1000000,Adam,2e-16,-108.28724896072116,-110.89176518134973,NaN,allene
7,0.0002,1000000,Adam,2e-16,-108.28724896072112,-110.89176518134995,NaN,allene
8,2e-05,1000000,Adam,2e-16,-108.28724896072116,-110.89176518134995,NaN,allene
9,2e-06,1000000,Adam,2e-16,-108.28724896072116,-110.89176518134975,NaN,allene
10,2e-07,1000000,Adam,2e-16,-108.2872489607212,-110.8917651813495,-108.73152123160536,allene
11,2e-08,1000000,Adam,2e-16,-108.28724896072116,-110.8917651813496,-108.28724925292887,allene
12,2e-09,1000000,Adam,2e-16,-108.28724896072116,-110.8917651813499,-108.28724898994253,allene
13,2e-10,1000000,Adam,2e-16,-108.28724896072116,-110.89176518134958,-108.28724896364314,allene
0,0.002,1000000,Adam,1e-08,-48.60649587352014,-49.9981718775618,-45.39934964330066,b2h6
1,0.0002,1000000,Adam,1e-08,-48.606495873520096,-49.9981718775618,-48.188580662164135,b2h6
2,2e-05,1000000,Adam,1e-08,-48.606495873520096,-49.99817187756209,-48.8986709233408,b2h6
3,2e-06,1000000,Adam,1e-08,-48.60649587352015,-49.99817187756168,-48.83759126575317,b2h6
4,2e-07,1000000,Adam,1e-08,-48.60649587352011,-49.998171877561965,-48.78217889826544,b2h6
5,2e-08,1000000,Adam,1e-08,-48.606495873520124,-49.99817187756171,-48.60649635491246,b2h6
6,0.002,1000000,Adam,2e-16,-48.60649587352014,-49.99817187756178,NaN,b2h6
7,0.0002,1000000,Adam,2e-16,-48.60649587352015,-49.99817187756215,NaN,b2h6
8,2e-05,1000000,Adam,2e-16,-48.60649587352015,-49.99817187756175,NaN,b2h6
9,2e-06,1000000,Adam,2e-16,-48.60649587352015,-49.99817187756188,NaN,b2h6
10,2e-07,1000000,Adam,2e-16,-48.60649587352015,-49.99817187756171,NaN,b2h6
11,2e-08,1000000,Adam,2e-16,-48.60649587352014,-49.99817187756202,-48.60649635503476,b2h6
12,2e-09,1000000,Adam,2e-16,-48.60649587352014,-49.99817187756188,-48.606495921671645,b2h6
13,2e-10,1000000,Adam,2e-16,-48.60649587352014,-49.99817187756173,-48.60649587833532,b2h6
0,0.002,1000000,Adam,1e-08,-213.7236162416077,-218.9999634200155,-157.9759581834258,benzene
1,0.0002,1000000,Adam,1e-08,-213.7236162416069,-218.9999634200149,-214.82418106523212,benzene
2,2e-05,1000000,Adam,1e-08,-213.72361624160663,-218.9999634200155,-214.8033957437544,benzene
3,2e-06,1000000,Adam,1e-08,-213.72361624160675,-218.9999634200157,-214.74358858477768,benzene
4,2e-07,1000000,Adam,1e-08,-213.72361624160757,-218.99996342001515,-214.66363660827272,benzene
5,2e-08,1000000,Adam,1e-08,-213.72361624160757,-218.9999634200156,-213.72361757013192,benzene
6,0.002,1000000,Adam,2e-16,-213.7236162416069,-218.9999634200157,NaN,benzene
7,0.0002,1000000,Adam,2e-16,-213.7236162416071,-218.9999634200163,NaN,benzene
8,2e-05,1000000,Adam,2e-16,-213.72361624160695,-218.99996342001583,NaN,benzene
9,2e-06,1000000,Adam,2e-16,-213.7236162416069,-218.99996342001583,NaN,benzene
10,2e-07,1000000,Adam,2e-16,-213.7236162416069,-218.9999634200153,NaN,benzene
11,2e-08,1000000,Adam,2e-16,-213.72361624160695,-218.9999634200161,-213.7236167515394,benzene
12,2e-09,1000000,Adam,2e-16,-213.72361624160695,-218.9999634200163,-213.72361629259984,benzene
13,2e-10,1000000,Adam,2e-16,-213.72361624160695,-218.99996342001583,-213.72361624670629,benzene
0,0.002,1000000,Adam,1e-08,-230.7812866709841,-236.66399591480712,NaN,beta-lactim
1,0.0002,1000000,Adam,1e-08,-230.7812866709839,-236.663995914807,NaN,beta-lactim
2,2e-05,1000000,Adam,1e-08,-230.7812866709841,-236.66399591480652,-231.42819293031067,beta-lactim
3,2e-06,1000000,Adam,1e-08,-230.78128667098423,-236.6639959148069,-231.38688609931904,beta-lactim
4,2e-07,1000000,Adam,1e-08,-230.78128667098437,-236.66399591480732,-230.78129677304872,beta-lactim
5,2e-08,1000000,Adam,1e-08,-230.78128667098375,-236.66399591480663,-230.7812876811942,beta-lactim
6,0.002,1000000,Adam,2e-16,-230.781286670984,-236.66399591480743,NaN,beta-lactim
7,0.0002,1000000,Adam,2e-16,-230.7812866709841,-236.66399591480663,NaN,beta-lactim
8,2e-05,1000000,Adam,2e-16,-230.781286670984,-236.6639959148076,NaN,beta-lactim
9,2e-06,1000000,Adam,2e-16,-230.781286670984,-236.66399591480825,NaN,beta-lactim
10,2e-07,1000000,Adam,2e-16,-230.781286670984,-236.6639959148079,-230.781296510788,beta-lactim
11,2e-08,1000000,Adam,2e-16,-230.781286670984,-236.6639959148068,-230.78128765496723,beta-lactim
12,2e-09,1000000,Adam,2e-16,-230.7812866709841,-236.6639959148078,-230.78128676938255,beta-lactim
13,2e-10,1000000,Adam,2e-16,-230.7812866709841,-236.6639959148078,-230.7812866808245,beta-lactim
0,0.002,1000000,Adam,1e-08,-312.64419472124456,-318.6047340695388,NaN,bf3
1,0.0002,1000000,Adam,1e-08,-312.6441947212439,-318.6047340695389,-312.6516777048194,bf3
2,2e-05,1000000,Adam,1e-08,-312.64419472124445,-318.60473406953867,-312.6519439761458,bf3
3,2e-06,1000000,Adam,1e-08,-312.6441947212447,-318.60473406953867,-312.6471101316377,bf3
4,2e-07,1000000,Adam,1e-08,-312.6441947212442,-318.604734069539,-312.64419517066773,bf3
5,2e-08,1000000,Adam,1e-08,-312.64419472124456,-318.6047340695389,-312.6441947661877,bf3
6,0.002,1000000,Adam,2e-16,-312.6441947212447,-318.60473406954014,NaN,bf3
7,0.0002,1000000,Adam,2e-16,-312.6441947212447,-318.60473406954026,NaN,bf3
8,2e-05,1000000,Adam,2e-16,-312.64419472124456,-318.60473406954014,NaN,bf3
9,2e-06,1000000,Adam,2e-16,-312.6441947212447,-318.60473406954003,NaN,bf3
10,2e-07,1000000,Adam,2e-16,-312.6441947212447,-318.60473406954026,-312.64419517066705,bf3
11,2e-08,1000000,Adam,2e-16,-312.6441947212447,-318.60473406954026,-312.64419476618747,bf3
12,2e-09,1000000,Adam,2e-16,-312.6441947212447,-318.60473406954003,-312.64419472573906,bf3
13,2e-10,1000000,Adam,2e-16,-312.64419472124456,-318.6047340695399,-312.6441947216944,bf3
0,0.002,1000000,Adam,1e-08,-120.6811297569554,-122.87054575510624,NaN,bf
1,0.0002,1000000,Adam,1e-08,-120.6811297569554,-122.8705457551063,NaN,bf
2,2e-05,1000000,Adam,1e-08,-120.68112975695546,-122.87054575510624,-120.67202535454454,bf
3,2e-06,1000000,Adam,1e-08,-120.68112975695536,-122.87054575510624,-120.66994315330147,bf
4,2e-07,1000000,Adam,1e-08,-120.68112975695546,-122.87054575510628,-120.68112985998437,bf
5,2e-08,1000000,Adam,1e-08,-120.68112975695546,-122.8705457551063,-120.68112976725888,bf
6,0.002,1000000,Adam,2e-16,-120.68112975695544,-122.87054575510663,NaN,bf
7,0.0002,1000000,Adam,2e-16,-120.6811297569554,-122.87054575510663,NaN,bf
0,0.002,1000000,Adam,1e-08,-24.838761906772195,-25.32633259787025,NaN,bh3
1,0.0002,1000000,Adam,1e-08,-24.838761906772174,-25.32633259787025,-20.629386314742515,bh3
2,2e-05,1000000,Adam,1e-08,-24.83876190677216,-25.326332597870216,-24.74244437154103,bh3
3,2e-06,1000000,Adam,1e-08,-24.83876190677218,-25.326332597870216,NaN,bh3
4,2e-07,1000000,Adam,1e-08,-24.838761906772188,-25.32633259787024,NaN,bh3
5,2e-08,1000000,Adam,1e-08,-24.838761906772195,-25.326332597870245,-24.838761841634767,bh3
0,0.002,1000000,Adam,1e-08,-216.95543415986623,-221.0548398678776,NaN,bhf2
1,0.0002,1000000,Adam,1e-08,-216.95543415986637,-221.05483986787755,-211.96560832890253,bhf2
2,2e-05,1000000,Adam,1e-08,-216.9554341598663,-221.0548398678777,-217.107840401272,bhf2
3,2e-06,1000000,Adam,1e-08,-216.9554341598661,-221.0548398678776,-217.11508737662095,bhf2
4,2e-07,1000000,Adam,1e-08,-216.9554341598661,-221.0548398678777,-216.955436948236,bhf2
5,2e-08,1000000,Adam,1e-08,-216.9554341598661,-221.05483986787755,-216.9554344387036,bhf2
0,0.002,1000000,Adam,1e-08,-24.456162810318123,-24.88499533695936,NaN,bh
1,0.0002,1000000,Adam,1e-08,-24.45616281031812,-24.884995336959363,NaN,bh
2,2e-05,1000000,Adam,1e-08,-24.45616281031812,-24.884995336959363,-24.46677182448191,bh
3,2e-06,1000000,Adam,1e-08,-24.456162810318126,-24.88499533695936,-24.466882053927566,bh
4,2e-07,1000000,Adam,1e-08,-24.456162810318126,-24.88499533695936,-24.46989459558691,bh
5,2e-08,1000000,Adam,1e-08,-24.45616281031812,-24.88499533695936,-24.45616285605874,bh
0,0.002,1000000,Adam,1e-08,-166.4606004210379,-170.6424364808202,NaN,borole
1,0.0002,1000000,Adam,1e-08,-166.46060042103824,-170.64243648082078,NaN,borole
2,2e-05,1000000,Adam,1e-08,-166.46060042103846,-170.64243648082078,-166.89003292798867,borole
3,2e-06,1000000,Adam,1e-08,-166.460600421038,-170.64243648081958,-166.74072349195706,borole
4,2e-07,1000000,Adam,1e-08,-166.46060042103818,-170.6424364808198,-166.61047347133274,borole
5,2e-08,1000000,Adam,1e-08,-166.4606004210387,-170.64243648082044,-166.460600940248,borole
0,0.002,1000000,Adam,1e-08,-977.8188801762165,-990.0852446615368,NaN,c2cl2
1,0.0002,1000000,Adam,1e-08,-977.8188801762165,-990.0852446615368,NaN,c2cl2
2,2e-05,1000000,Adam,1e-08,-977.818880176216,-990.0852446615368,-977.1225345078898,c2cl2
3,2e-06,1000000,Adam,1e-08,-977.818880176216,-990.0852446615366,NaN,c2cl2
4,2e-07,1000000,Adam,1e-08,-977.8188801762165,-990.0852446615366,-977.8188775012408,c2cl2
5,2e-08,1000000,Adam,1e-08,-977.8188801762154,-990.0852446615366,-977.8188799087214,c2cl2
0,0.002,1000000,Adam,1e-08,-1883.532913428544,-1906.6161169722443,NaN,c2cl4
1,0.0002,1000000,Adam,1e-08,-1883.532913428544,-1906.616116972244,-1880.859269722156,c2cl4
2,2e-05,1000000,Adam,1e-08,-1883.5329134285444,-1906.6161169722427,-1881.1233590549973,c2cl4
3,2e-06,1000000,Adam,1e-08,-1883.532913428539,-1906.6161169722443,NaN,c2cl4
4,2e-07,1000000,Adam,1e-08,-1883.5329134285448,-1906.6161169722463,-1883.5329102963424,c2cl4
5,2e-08,1000000,Adam,1e-08,-1883.5329134285437,-1906.616116972239,-1883.532913115332,c2cl4
0,0.002,1000000,Adam,1e-08,-2788.893166573148,-2823.1214892646904,NaN,c2cl6
1,0.0002,1000000,Adam,1e-08,-2788.893166573152,-2823.121489264703,NaN,c2cl6
2,2e-05,1000000,Adam,1e-08,-2788.893166573149,-2823.1214892647013,NaN,c2cl6
3,2e-06,1000000,Adam,1e-08,-2788.893166573152,-2823.1214892647085,NaN,c2cl6
4,2e-07,1000000,Adam,1e-08,-2788.8931665731443,-2823.121489264692,-2788.8931658300926,c2cl6
5,2e-08,1000000,Adam,1e-08,-2788.893166573149,-2823.1214892647085,-2788.893166498853,c2cl6
0,0.002,1000000,Adam,1e-08,-525.7571711849328,-532.8298797420646,NaN,c2clh3
1,0.0002,1000000,Adam,1e-08,-525.757171184933,-532.8298797420646,-524.7081830609532,c2clh3
2,2e-05,1000000,Adam,1e-08,-525.757171184933,-532.8298797420643,-526.0007705284067,c2clh3
3,2e-06,1000000,Adam,1e-08,-525.7571711849332,-532.8298797420648,-526.0218099250096,c2clh3
4,2e-07,1000000,Adam,1e-08,-525.7571711849323,-532.8298797420648,-525.7571772892984,c2clh3
5,2e-08,1000000,Adam,1e-08,-525.757171184933,-532.8298797420643,-525.7571717953736,c2clh3
0,0.002,1000000,Adam,1e-08,-526.4690698397861,-533.687035347879,NaN,c2clh5
1,0.0002,1000000,Adam,1e-08,-526.4690698397854,-533.6870353478802,-527.0414442230016,c2clh5
2,2e-05,1000000,Adam,1e-08,-526.4690698397865,-533.6870353478799,-526.9234226813286,c2clh5
3,2e-06,1000000,Adam,1e-08,-526.4690698397861,-533.68703534788,-526.9406920630623,c2clh5
4,2e-07,1000000,Adam,1e-08,-526.4690698397852,-533.6870353478797,-526.4690772689161,c2clh5
5,2e-08,1000000,Adam,1e-08,-526.4690698397851,-533.6870353478804,-526.4690705827019,c2clh5
0,0.002,1000000,Adam,1e-08,-525.134260583933,-532.0369693676364,NaN,c2clh
1,0.0002,1000000,Adam,1e-08,-525.1342605839338,-532.0369693676363,NaN,c2clh
2,2e-05,1000000,Adam,1e-08,-525.1342605839337,-532.0369693676362,NaN,c2clh
3,2e-06,1000000,Adam,1e-08,-525.1342605839337,-532.0369693676363,NaN,c2clh
4,2e-07,1000000,Adam,1e-08,-525.1342605839335,-532.0369693676363,-525.134258421087,c2clh
5,2e-08,1000000,Adam,1e-08,-525.1342605839338,-532.0369693676367,-525.1342603676521,c2clh
0,0.002,1000000,Adam,1e-08,-455.3213931688472,-465.0609496761441,NaN,c2f4
1,0.0002,1000000,Adam,1e-08,-455.3213931688473,-465.0609496761445,NaN,c2f4
2,2e-05,1000000,Adam,1e-08,-455.3213931688475,-465.0609496761441,-455.65274993673177,c2f4
3,2e-06,1000000,Adam,1e-08,-455.3213931688471,-465.060949676144,-455.6686859625189,c2f4
4,2e-07,1000000,Adam,1e-08,-455.3213931688475,-465.06094967614456,-455.3214003135032,c2f4
5,2e-08,1000000,Adam,1e-08,-455.3213931688474,-465.0609496761442,-455.3213938833159,c2f4
0,0.002,1000000,Adam,1e-08,-646.0926050599236,-660.1054898602448,NaN,c2f6
1,0.0002,1000000,Adam,1e-08,-646.092605059927,-660.1054898602434,-646.4325416732873,c2f6
2,2e-05,1000000,Adam,1e-08,-646.0926050599279,-660.1054898602453,-646.4245689238891,c2f6
3,2e-06,1000000,Adam,1e-08,-646.0926050599243,-660.1054898602446,-646.4491304154382,c2f6
4,2e-07,1000000,Adam,1e-08,-646.0926050599254,-660.1054898602437,-646.0926145867446,c2f6
5,2e-08,1000000,Adam,1e-08,-646.0926050599254,-660.1054898602439,-646.092606012612,c2f6
0,0.002,1000000,Adam,1e-08,-72.42391192797102,-74.04901487369325,NaN,c2h2
1,0.0002,1000000,Adam,1e-08,-72.42391192797108,-74.04901487369322,-69.35239867323641,c2h2
2,2e-05,1000000,Adam,1e-08,-72.42391192797099,-74.04901487369328,-72.20260427105818,c2h2
3,2e-06,1000000,Adam,1e-08,-72.42391192797096,-74.04901487369327,NaN,c2h2
4,2e-07,1000000,Adam,1e-08,-72.42391192797106,-74.04901487369325,NaN,c2h2
5,2e-08,1000000,Adam,1e-08,-72.42391192797109,-74.04901487369327,-72.42391174364919,c2h2
0,0.002,1000000,Adam,1e-08,-168.78877375706503,-172.44596224092027,NaN,c2h3f
1,0.0002,1000000,Adam,1e-08,-168.78877375706514,-172.4459622409202,NaN,c2h3f
2,2e-05,1000000,Adam,1e-08,-168.78877375706497,-172.44596224091993,-168.9590796787516,c2h3f
3,2e-06,1000000,Adam,1e-08,-168.78877375706492,-172.44596224091987,-168.83043317621411,c2h3f
4,2e-07,1000000,Adam,1e-08,-168.78877375706514,-172.44596224091987,-168.788775813757,c2h3f
5,2e-08,1000000,Adam,1e-08,-168.78877375706492,-172.44596224091964,-168.78877396273464,c2h3f
0,0.002,1000000,Adam,1e-08,-72.86130033172435,-74.63019432932299,NaN,c2h4
1,0.0002,1000000,Adam,1e-08,-72.86130033172446,-74.6301943293229,NaN,c2h4
2,2e-05,1000000,Adam,1e-08,-72.86130033172441,-74.63019432932285,NaN,c2h4
3,2e-06,1000000,Adam,1e-08,-72.86130033172435,-74.63019432932285,NaN,c2h4
4,2e-07,1000000,Adam,1e-08,-72.86130033172432,-74.63019432932293,-72.86130051628126,c2h4
5,2e-08,1000000,Adam,1e-08,-72.86130033172435,-74.63019432932288,-72.86130035018073,c2h4
0,0.002,1000000,Adam,1e-08,-169.39738345822485,-173.2675721120675,NaN,c2h5f
1,0.0002,1000000,Adam,1e-08,-169.3973834582249,-173.2675721120674,NaN,c2h5f
2,2e-05,1000000,Adam,1e-08,-169.39738345822474,-173.26757211206717,-167.81758973124084,c2h5f
3,2e-06,1000000,Adam,1e-08,-169.39738345822485,-173.2675721120671,NaN,c2h5f
4,2e-07,1000000,Adam,1e-08,-169.39738345822468,-173.2675721120671,-169.39737854356025,c2h5f
5,2e-08,1000000,Adam,1e-08,-169.39738345822508,-173.26757211206728,-169.39738296676052,c2h5f
0,0.002,1000000,Adam,1e-08,-73.46253638388204,-75.34938517358647,NaN,c2h6
1,0.0002,1000000,Adam,1e-08,-73.46253638388193,-75.34938517358678,NaN,c2h6
2,2e-05,1000000,Adam,1e-08,-73.46253638388207,-75.34938517358667,-72.97545616188073,c2h6
3,2e-06,1000000,Adam,1e-08,-73.46253638388201,-75.34938517358661,-73.44431458727674,c2h6
4,2e-07,1000000,Adam,1e-08,-73.46253638388193,-75.34938517358667,NaN,c2h6
5,2e-08,1000000,Adam,1e-08,-73.46253638388201,-75.34938517358673,-73.4625362115453,c2h6
0,0.002,1000000,Adam,1e-08,-943.3485982175948,-954.9817718923614,NaN,ccl2h2
1,0.0002,1000000,Adam,1e-08,-943.348598217594,-954.9817718923616,NaN,ccl2h2
2,2e-05,1000000,Adam,1e-08,-943.3485982175952,-954.9817718923608,-943.2849920521808,ccl2h2
3,2e-06,1000000,Adam,1e-08,-943.3485982175948,-954.9817718923614,-943.290298479006,ccl2h2
4,2e-07,1000000,Adam,1e-08,-943.3485982175952,-954.9817718923614,-943.3486013446492,ccl2h2
5,2e-08,1000000,Adam,1e-08,-943.3485982175952,-954.9817718923612,-943.3485985303064,ccl2h2
0,0.002,1000000,Adam,1e-08,-942.9590044146474,-954.6701109716956,NaN,ccl2
1,0.0002,1000000,Adam,1e-08,-942.9590044146474,-954.6701109716956,NaN,ccl2
2,2e-05,1000000,Adam,1e-08,-942.9590044146474,-954.6701109716954,-942.8866683044654,ccl2
3,2e-06,1000000,Adam,1e-08,-942.9590044146474,-954.6701109716956,-942.889498052612,ccl2
4,2e-07,1000000,Adam,1e-08,-942.959004414648,-954.6701109716954,-942.9590053467376,ccl2
5,2e-08,1000000,Adam,1e-08,-942.9590044146476,-954.6701109716954,-942.959004507858,ccl2
0,0.002,1000000,Adam,1e-08,-1013.6996851412476,-1026.8766618043458,NaN,ccl2o
1,0.0002,1000000,Adam,1e-08,-1013.6996851412472,-1026.8766618043453,-1013.7681783520186,ccl2o
2,2e-05,1000000,Adam,1e-08,-1013.6996851412472,-1026.8766618043453,-1013.7664058173756,ccl2o
3,2e-06,1000000,Adam,1e-08,-1013.6996851412466,-1026.8766618043455,-1013.770588294156,ccl2o
4,2e-07,1000000,Adam,1e-08,-1013.6996851412464,-1026.876661804345,-1013.6996887655976,ccl2o
5,2e-08,1000000,Adam,1e-08,-1013.699685141246,-1026.876661804346,-1013.699685503686,ccl2o
0,0.002,1000000,Adam,1e-08,-1396.020201594196,-1412.9603095565867,NaN,ccl3h
1,0.0002,1000000,Adam,1e-08,-1396.0202015941982,-1412.9603095565858,-1395.8709697422155,ccl3h
2,2e-05,1000000,Adam,1e-08,-1396.020201594196,-1412.9603095565865,-1395.8146378702586,ccl3h
3,2e-06,1000000,Adam,1e-08,-1396.020201594195,-1412.9603095565858,-1395.9422220964984,ccl3h
4,2e-07,1000000,Adam,1e-08,-1396.020201594194,-1412.9603095565867,-1396.0201977292136,ccl3h
5,2e-08,1000000,Adam,1e-08,-1396.0202015941932,-1412.9603095565865,-1396.0202012076984,ccl3h
0,0.002,1000000,Adam,1e-08,-1848.4760392828573,-1870.6531043942575,NaN,ccl4
1,0.0002,1000000,Adam,1e-08,-1848.476039282856,-1870.6531043942573,-1846.90574985812,ccl4
2,2e-05,1000000,Adam,1e-08,-1848.476039282862,-1870.6531043942575,-1848.4305570979968,ccl4
3,2e-06,1000000,Adam,1e-08,-1848.4760392828705,-1870.6531043942575,-1848.4453482606173,ccl4
4,2e-07,1000000,Adam,1e-08,-1848.4760392828684,-1870.6531043942568,-1848.476041711402,ccl4
5,2e-08,1000000,Adam,1e-08,-1848.4760392828712,-1870.6531043942575,-1848.4760395257167,ccl4
0,0.002,1000000,Adam,1e-08,-490.491182495871,-496.8008001151782,NaN,cclh3
1,0.0002,1000000,Adam,1e-08,-490.4911824958708,-496.8008001151785,-490.2955469531189,cclh3
2,2e-05,1000000,Adam,1e-08,-490.49118249587065,-496.80080011517856,-490.4270168349647,cclh3
3,2e-06,1000000,Adam,1e-08,-490.4911824958714,-496.8008001151785,-490.4189658551184,cclh3
4,2e-07,1000000,Adam,1e-08,-490.491182495871,-496.8008001151782,-490.4911791299048,cclh3
5,2e-08,1000000,Adam,1e-08,-490.4911824958703,-496.8008001151785,-490.4911821592751,cclh3
0,0.002,1000000,Adam,1e-08,-1133.6217351861587,-1149.360873782186,NaN,cf2cl2
1,0.0002,1000000,Adam,1e-08,-1133.621735186162,-1149.3608737821855,-1133.8274294700154,cf2cl2
2,2e-05,1000000,Adam,1e-08,-1133.621735186165,-1149.360873782186,-1133.8171780465989,cf2cl2
3,2e-06,1000000,Adam,1e-08,-1133.621735186162,-1149.360873782186,-1133.817313372494,cf2cl2
4,2e-07,1000000,Adam,1e-08,-1133.62173518616,-1149.360873782187,-1133.6217414288526,cf2cl2
5,2e-08,1000000,Adam,1e-08,-1133.6217351861624,-1149.3608737821855,-1133.621735810434,cf2cl2
0,0.002,1000000,Adam,1e-08,-228.856477338836,-233.53453077417691,NaN,cf2
1,0.0002,1000000,Adam,1e-08,-228.85647733883616,-233.53453077417691,-210.56516424040373,cf2
2,2e-05,1000000,Adam,1e-08,-228.85647733883584,-233.53453077417703,NaN,cf2
3,2e-06,1000000,Adam,1e-08,-228.856477338836,-233.53453077417691,NaN,cf2
4,2e-07,1000000,Adam,1e-08,-228.856477338836,-233.534530774177,-228.85647951562623,cf2
5,2e-08,1000000,Adam,1e-08,-228.85647733883624,-233.534530774177,-228.85647755651576,cf2
0,0.002,1000000,Adam,1e-08,-419.0217458972672,-428.1127029363458,NaN,cf4
1,0.0002,1000000,Adam,1e-08,-419.0217458972677,-428.11270293634607,NaN,cf4
2,2e-05,1000000,Adam,1e-08,-419.02174589726815,-428.112702936346,-418.8863364002909,cf4
3,2e-06,1000000,Adam,1e-08,-419.0217458972668,-428.1127029363453,NaN,cf4
4,2e-07,1000000,Adam,1e-08,-419.0217458972678,-428.11270293634607,-419.0217487551725,cf4
5,2e-08,1000000,Adam,1e-08,-419.0217458972672,-428.1127029363464,-419.0217461830604,cf4
0,0.002,1000000,Adam,1e-08,-586.1741314911152,-594.5014593219213,NaN,ch2clf
1,0.0002,1000000,Adam,1e-08,-586.1741314911152,-594.5014593219213,-568.7908019983003,ch2clf
2,2e-05,1000000,Adam,1e-08,-586.1741314911161,-594.5014593219217,-584.4231924156014,ch2clf
3,2e-06,1000000,Adam,1e-08,-586.1741314911159,-594.5014593219215,NaN,ch2clf
4,2e-07,1000000,Adam,1e-08,-586.1741314911155,-594.5014593219217,-586.174127812554,ch2clf
5,2e-08,1000000,Adam,1e-08,-586.1741314911162,-594.5014593219212,-586.1741311232611,ch2clf
0,0.002,1000000,Adam,1e-08,-72.78244958657045,-74.43314723608353,NaN,ch2c
1,0.0002,1000000,Adam,1e-08,-72.78244958657048,-74.43314723608349,NaN,ch2c
2,2e-05,1000000,Adam,1e-08,-72.78244958657044,-74.43314723608346,-72.78272431509748,ch2c
3,2e-06,1000000,Adam,1e-08,-72.78244958657056,-74.43314723608346,-72.78245068959424,ch2c
4,2e-07,1000000,Adam,1e-08,-72.78244958657055,-74.43314723608344,-72.78244969702175,ch2c
5,2e-08,1000000,Adam,1e-08,-72.78244958657045,-74.43314723608344,-72.78244959761712,ch2c
0,0.002,1000000,Adam,1e-08,-229.138961129121,-234.02985792912185,NaN,ch2f2
1,0.0002,1000000,Adam,1e-08,-229.13896112912076,-234.02985792912196,NaN,ch2f2
2,2e-05,1000000,Adam,1e-08,-229.13896112912064,-234.02985792912204,NaN,ch2f2
3,2e-06,1000000,Adam,1e-08,-229.13896112912096,-234.02985792912196,NaN,ch2f2
4,2e-07,1000000,Adam,1e-08,-229.138961129121,-234.02985792912204,-229.13895847890348,ch2f2
5,2e-08,1000000,Adam,1e-08,-229.13896112912064,-234.02985792912224,-229.13896086409983,ch2f2
0,0.002,1000000,Adam,1e-08,-88.62098751034323,-90.83438751188172,NaN,ch2nh
1,0.0002,1000000,Adam,1e-08,-88.62098751034326,-90.83438751188184,NaN,ch2nh
2,2e-05,1000000,Adam,1e-08,-88.62098751034317,-90.83438751188184,-88.77916822241433,ch2nh
3,2e-06,1000000,Adam,1e-08,-88.6209875103432,-90.8343875118819,-88.84606552612117,ch2nh
4,2e-07,1000000,Adam,1e-08,-88.62098751034328,-90.83438751188189,-88.62098956940379,ch2nh
5,2e-08,1000000,Adam,1e-08,-88.62098751034314,-90.83438751188172,-88.6209877162505,ch2nh
0,0.002,1000000,Adam,1e-08,-37.31929760277251,-38.09438239504294,NaN,ch2-sing
1,0.0002,1000000,Adam,1e-08,-37.31929760277252,-38.09438239504294,NaN,ch2-sing
2,2e-05,1000000,Adam,1e-08,-37.31929760277252,-38.09438239504296,-37.45466500500318,ch2-sing
3,2e-06,1000000,Adam,1e-08,-37.31929760277254,-38.09438239504293,-37.446072637939096,ch2-sing
4,2e-07,1000000,Adam,1e-08,-37.31929760277254,-38.09438239504294,-37.319298615430114,ch2-sing
5,2e-08,1000000,Adam,1e-08,-37.31929760277255,-38.09438239504294,-37.31929770403912,ch2-sing
0,0.002,1000000,Adam,1e-08,-133.50868977471367,-136.38619929336284,NaN,ch3f
1,0.0002,1000000,Adam,1e-08,-133.50868977471356,-136.38619929336278,-133.60431606668374,ch3f
2,2e-05,1000000,Adam,1e-08,-133.50868977471384,-136.38619929336284,-133.6046380094142,ch3f
3,2e-06,1000000,Adam,1e-08,-133.508689774714,-136.3861992933627,-133.59999791402805,ch3f
4,2e-07,1000000,Adam,1e-08,-133.50868977471356,-136.38619929336295,-133.5086934612964,ch3f
5,2e-08,1000000,Adam,1e-08,-133.50868977471345,-136.38619929336284,-133.50869014337377,ch3f
0,0.002,1000000,Adam,1e-08,-89.22623951023341,-91.49302404501128,-55.47914116649473,ch3nh2
1,0.0002,1000000,Adam,1e-08,-89.22623951023324,-91.49302404501108,-82.89705000176885,ch3nh2
2,2e-05,1000000,Adam,1e-08,-89.22623951023336,-91.49302404501124,-89.22901381067199,ch3nh2
3,2e-06,1000000,Adam,1e-08,-89.22623951023319,-91.4930240450112,-89.229120845456,ch3nh2
4,2e-07,1000000,Adam,1e-08,-89.22623951023319,-91.4930240450112,-89.2262410433657,ch3nh2
5,2e-08,1000000,Adam,1e-08,-89.22623951023316,-91.49302404501118,-89.22623966354773,ch3nh2
0,0.002,1000000,Adam,1e-08,-373.1211009767661,-378.1110048749258,NaN,ch3ph2
1,0.0002,1000000,Adam,1e-08,-373.121100976765,-378.1110048749259,NaN,ch3ph2
2,2e-05,1000000,Adam,1e-08,-373.121100976766,-378.111004874926,-372.1996901797032,ch3ph2
3,2e-06,1000000,Adam,1e-08,-373.1211009767656,-378.1110048749261,NaN,ch3ph2
4,2e-07,1000000,Adam,1e-08,-373.12110097676566,-378.1110048749259,-373.1210991016683,ch3ph2
5,2e-08,1000000,Adam,1e-08,-373.1211009767658,-378.1110048749261,-373.1211007892583,ch3ph2
0,0.002,1000000,Adam,1e-08,-37.45166459017258,-38.39946174250177,NaN,ch4
1,0.0002,1000000,Adam,1e-08,-37.45166459017251,-38.39946174250181,NaN,ch4
2,2e-05,1000000,Adam,1e-08,-37.45166459017254,-38.39946174250172,-37.515915491879774,ch4
3,2e-06,1000000,Adam,1e-08,-37.45166459017257,-38.39946174250182,-37.56680717570022,ch4
4,2e-07,1000000,Adam,1e-08,-37.4516645901725,-38.39946174250175,-37.47693112280511,ch4
5,2e-08,1000000,Adam,1e-08,-37.45166459017251,-38.39946174250178,-37.45166464815503,ch4
0,0.002,1000000,Adam,1e-08,-108.89744375303133,-111.35095806504032,NaN,c-hcoh
1,0.0002,1000000,Adam,1e-08,-108.89744375303128,-111.35095806504025,-100.72713577818088,c-hcoh
2,2e-05,1000000,Adam,1e-08,-108.8974437530313,-111.35095806504027,-108.87145672108552,c-hcoh
3,2e-06,1000000,Adam,1e-08,-108.89744375303124,-111.35095806504016,-108.8727027968272,c-hcoh
4,2e-07,1000000,Adam,1e-08,-108.8974437530312,-111.35095806504032,-108.897443584395,c-hcoh
5,2e-08,1000000,Adam,1e-08,-108.89744375303124,-111.35095806504027,-108.8974437361686,c-hcoh
0,0.002,1000000,Adam,1e-08,-324.26850655789144,-331.23736532842645,NaN,chf3
1,0.0002,1000000,Adam,1e-08,-324.2685065578913,-331.23736532842634,NaN,chf3
2,2e-05,1000000,Adam,1e-08,-324.2685065578912,-331.23736532842656,-325.1832920483014,chf3
3,2e-06,1000000,Adam,1e-08,-324.2685065578916,-331.2373653284261,-324.7208898761937,chf3
4,2e-07,1000000,Adam,1e-08,-324.2685065578908,-331.2373653284261,-324.26851023718245,chf3
5,2e-08,1000000,Adam,1e-08,-324.2685065578912,-331.23736532842634,-324.26850692582093,chf3
0,0.002,1000000,Adam,1e-08,-195.6999292795761,-200.50669624374373,NaN,c-hono
1,0.0002,1000000,Adam,1e-08,-195.699929279576,-200.50669624374385,NaN,c-hono
2,2e-05,1000000,Adam,1e-08,-195.69992927957608,-200.50669624374385,-196.1450360485772,c-hono
3,2e-06,1000000,Adam,1e-08,-195.6999292795763,-200.50669624374368,-196.1293917575073,c-hono
4,2e-07,1000000,Adam,1e-08,-195.699929279576,-200.5066962437438,-195.69993490587757,c-hono
5,2e-08,1000000,Adam,1e-08,-195.699929279576,-200.50669624374373,-195.69992984220804,c-hono
0,0.002,1000000,Adam,1e-08,-1169.435552346474,-1185.7970501105597,NaN,cis-c2f2cl2
1,0.0002,1000000,Adam,1e-08,-1169.4355523464722,-1185.7970501105617,NaN,cis-c2f2cl2
2,2e-05,1000000,Adam,1e-08,-1169.4355523464728,-1185.7970501105583,-1169.435645422009,cis-c2f2cl2
3,2e-06,1000000,Adam,1e-08,-1169.4355523464735,-1185.7970501105594,-1169.4358821694652,cis-c2f2cl2
4,2e-07,1000000,Adam,1e-08,-1169.4355523464724,-1185.797050110562,-1169.4355525837982,cis-c2f2cl2
5,2e-08,1000000,Adam,1e-08,-1169.435552346476,-1185.7970501105624,-1169.4355523702093,cis-c2f2cl2
0,0.002,1000000,Adam,1e-08,-906.8686709919848,-917.9506959716756,NaN,cl2
1,0.0002,1000000,Adam,1e-08,-906.8686709919856,-917.9506959716756,NaN,cl2
2,2e-05,1000000,Adam,1e-08,-906.8686709919848,-917.9506959716756,NaN,cl2
3,2e-06,1000000,Adam,1e-08,-906.8686709919853,-917.9506959716756,NaN,cl2
4,2e-07,1000000,Adam,1e-08,-906.8686709919856,-917.9506959716756,-906.8686687027814,cl2
5,2e-08,1000000,Adam,1e-08,-906.868670991986,-917.9506959716756,-906.8686707630676,cl2
0,0.002,1000000,Adam,1e-08,-541.0825741493229,-548.3175779006042,NaN,clcn
1,0.0002,1000000,Adam,1e-08,-541.0825741493229,-548.317577900604,-502.59490815544456,clcn
2,2e-05,1000000,Adam,1e-08,-541.0825741493234,-548.317577900604,-541.2105681572757,clcn
3,2e-06,1000000,Adam,1e-08,-541.0825741493227,-548.3175779006042,-541.2062359081344,clcn
4,2e-07,1000000,Adam,1e-08,-541.0825741493229,-548.3175779006042,-541.0825778062281,clcn
5,2e-08,1000000,Adam,1e-08,-541.0825741493227,-548.3175779006042,-541.082574515016,clcn
0,0.002,1000000,Adam,1e-08,-656.4987491402773,-666.3636034866677,NaN,clcof
1,0.0002,1000000,Adam,1e-08,-656.4987491402779,-666.3636034866672,NaN,clcof
2,2e-05,1000000,Adam,1e-08,-656.4987491402779,-666.3636034866672,-656.5222807537895,clcof
3,2e-06,1000000,Adam,1e-08,-656.4987491402776,-666.3636034866674,-656.5410345932474,clcof
4,2e-07,1000000,Adam,1e-08,-656.4987491402776,-666.3636034866678,-656.4987510746993,clcof
5,2e-08,1000000,Adam,1e-08,-656.4987491402773,-666.3636034866672,-656.4987493337221,clcof
0,0.002,1000000,Adam,1e-08,-550.754305213979,-557.8822118252158,NaN,clf
1,0.0002,1000000,Adam,1e-08,-550.7543052139788,-557.8822118252158,-545.2836934050968,clf
2,2e-05,1000000,Adam,1e-08,-550.7543052139793,-557.8822118252158,-550.711701707478,clf
3,2e-06,1000000,Adam,1e-08,-550.7543052139788,-557.8822118252158,-550.715189289062,clf
4,2e-07,1000000,Adam,1e-08,-550.7543052139787,-557.8822118252158,-550.7543058769432,clf
5,2e-08,1000000,Adam,1e-08,-550.7543052139789,-557.8822118252158,-550.7543052802766,clf
0,0.002,1000000,Adam,1e-08,-577.402919847086,-585.7938133370726,NaN,clno
1,0.0002,1000000,Adam,1e-08,-577.4029198470857,-585.7938133370726,-577.4775668020632,clno
2,2e-05,1000000,Adam,1e-08,-577.4029198470867,-585.7938133370726,-577.4726673023288,clno
3,2e-06,1000000,Adam,1e-08,-577.4029198470857,-585.7938133370726,-577.476130456582,clno
4,2e-07,1000000,Adam,1e-08,-577.4029198470862,-585.7938133370724,-577.4029233244864,clno
5,2e-08,1000000,Adam,1e-08,-577.4029198470862,-585.7938133370726,-577.4029201948276,clno
0,0.002,1000000,Adam,1e-08,-104.44972490749404,-107.17242329923504,NaN,c-n2h2
1,0.0002,1000000,Adam,1e-08,-104.4497249074939,-107.172423299235,-104.044937496587,c-n2h2
2,2e-05,1000000,Adam,1e-08,-104.449724907494,-107.17242329923488,-104.43167205335396,c-n2h2
3,2e-06,1000000,Adam,1e-08,-104.449724907494,-107.1724232992351,-104.42890856400676,c-n2h2
4,2e-07,1000000,Adam,1e-08,-104.449724907494,-107.17242329923504,-104.44972349852036,c-n2h2
5,2e-08,1000000,Adam,1e-08,-104.449724907494,-107.17242329923488,-104.44972476659802,c-n2h2
0,0.002,1000000,Adam,1e-08,-179.1003294577129,-183.26556315717417,NaN,co2
1,0.0002,1000000,Adam,1e-08,-179.10032945771275,-183.26556315717417,NaN,co2
2,2e-05,1000000,Adam,1e-08,-179.100329457713,-183.26556315717409,-179.0597523021294,co2
3,2e-06,1000000,Adam,1e-08,-179.1003294577129,-183.26556315717417,-179.06288454804027,co2
4,2e-07,1000000,Adam,1e-08,-179.10032945771266,-183.26556315717409,-179.10032887282406,co2
5,2e-08,1000000,Adam,1e-08,-179.1003294577129,-183.26556315717417,-179.10032939922493,co2
0,0.002,1000000,Adam,1e-08,-108.12936996664692,-110.52813523492796,NaN,co
1,0.0002,1000000,Adam,1e-08,-108.12936996664698,-110.52813523492796,-103.5300292315321,co
2,2e-05,1000000,Adam,1e-08,-108.1293699666468,-110.52813523492796,-107.47244083452418,co
3,2e-06,1000000,Adam,1e-08,-108.12936996664686,-110.528135234928,NaN,co
4,2e-07,1000000,Adam,1e-08,-108.12936996664698,-110.52813523492792,-108.12936969136362,co
5,2e-08,1000000,Adam,1e-08,-108.12936996664698,-110.52813523492796,-108.1293699391191,co
0,0.002,1000000,Adam,1e-08,-819.5881402325073,-829.34297272267,NaN,cs2
1,0.0002,1000000,Adam,1e-08,-819.588140232507,-829.3429727226697,-819.6059436914144,cs2
2,2e-05,1000000,Adam,1e-08,-819.588140232508,-829.3429727226697,-819.6088972844026,cs2
3,2e-06,1000000,Adam,1e-08,-819.588140232507,-829.34297272267,-819.6123292922656,cs2
4,2e-07,1000000,Adam,1e-08,-819.588140232507,-829.3429727226702,-819.5881404188157,cs2
5,2e-08,1000000,Adam,1e-08,-819.5881402325082,-829.34297272267,-819.5881402511399,cs2
0,0.002,1000000,Adam,1e-08,-428.4400117263092,-433.68401427941455,NaN,cs
1,0.0002,1000000,Adam,1e-08,-428.4400117263096,-433.68401427941455,-427.98612998210285,cs
2,2e-05,1000000,Adam,1e-08,-428.4400117263093,-433.68401427941455,-428.4370176575232,cs
3,2e-06,1000000,Adam,1e-08,-428.4400117263096,-433.68401427941455,-428.4386258901972,cs
4,2e-07,1000000,Adam,1e-08,-428.4400117263094,-433.68401427941455,-428.4400122782987,cs
5,2e-08,1000000,Adam,1e-08,-428.4400117263097,-433.68401427941455,-428.4400117815094,cs
0,0.002,1000000,Adam,1e-08,-143.20719861118891,-146.83472351140938,NaN,cyclobutadiene
1,0.0002,1000000,Adam,1e-08,-143.20719861118926,-146.83472351140938,NaN,cyclobutadiene
2,2e-05,1000000,Adam,1e-08,-143.20719861118903,-146.8347235114104,-144.00405342441547,cyclobutadiene
3,2e-06,1000000,Adam,1e-08,-143.20719861118891,-146.83472351140955,-143.9710840709716,cyclobutadiene
4,2e-07,1000000,Adam,1e-08,-143.2071986111892,-146.8347235114095,-143.85854904328437,cyclobutadiene
5,2e-08,1000000,Adam,1e-08,-143.20719861118909,-146.83472351141,-143.20719955751915,cyclobutadiene
0,0.002,1000000,Adam,1e-08,-144.3525689179949,-148.17503873230893,-19.537892374117437,cyclobutane
1,0.0002,1000000,Adam,1e-08,-144.3525689179954,-148.17503873230837,NaN,cyclobutane
2,2e-05,1000000,Adam,1e-08,-144.3525689179959,-148.175038732309,-145.24370568391,cyclobutane
3,2e-06,1000000,Adam,1e-08,-144.35256891799563,-148.1750387323086,-145.22067017895594,cyclobutane
4,2e-07,1000000,Adam,1e-08,-144.35256891799568,-148.17503873230893,-144.6045361548884,cyclobutane
5,2e-08,1000000,Adam,1e-08,-144.3525689179954,-148.17503873230956,-144.35257005607812,cyclobutane
0,0.002,1000000,Adam,1e-08,-143.7470648055375,-147.48151033154377,NaN,cyclobutene
1,0.0002,1000000,Adam,1e-08,-143.7470648055371,-147.481510331543,NaN,cyclobutene
2,2e-05,1000000,Adam,1e-08,-143.7470648055376,-147.48151033154363,NaN,cyclobutene
3,2e-06,1000000,Adam,1e-08,-143.74706480553675,-147.48151033154272,NaN,cyclobutene
4,2e-07,1000000,Adam,1e-08,-143.74706480553755,-147.48151033154272,NaN,cyclobutene
5,2e-08,1000000,Adam,1e-08,-143.74706480553755,-147.4815103315438,-143.74706384527985,cyclobutene
0,0.002,1000000,Adam,1e-08,-178.6859994996414,-183.1587330692481,160.7766160511066,cyclopentadiene
1,0.0002,1000000,Adam,1e-08,-178.68599949964226,-183.1587330692489,-162.44219670806126,cyclopentadiene
2,2e-05,1000000,Adam,1e-08,-178.68599949964238,-183.15873306924848,-178.6959617672922,cyclopentadiene
3,2e-06,1000000,Adam,1e-08,-178.68599949964255,-183.15873306924897,-178.69092143346364,cyclopentadiene
4,2e-07,1000000,Adam,1e-08,-178.68599949964295,-183.1587330692477,-178.6860037317694,cyclopentadiene
5,2e-08,1000000,Adam,1e-08,-178.68599949964158,-183.15873306924797,-178.68599992285635,cyclopentadiene
0,0.002,1000000,Adam,1e-08,-108.40359893552277,-111.36645553582404,NaN,cyclopropane
1,0.0002,1000000,Adam,1e-08,-108.4035989355226,-111.3664555358232,-101.66376498105456,cyclopropane
2,2e-05,1000000,Adam,1e-08,-108.40359893552318,-111.36645553582372,-109.07100657455882,cyclopropane
3,2e-06,1000000,Adam,1e-08,-108.4035989355224,-111.36645553582366,-109.0308599767832,cyclopropane
4,2e-07,1000000,Adam,1e-08,-108.4035989355226,-111.36645553582358,-108.89654968473894,cyclopropane
5,2e-08,1000000,Adam,1e-08,-108.4035989355229,-111.36645553582386,-108.40359924864777,cyclopropane
0,0.002,1000000,Adam,1e-08,-107.84738582294736,-110.69584597004508,-93.02769216245248,cyclopropene
1,0.0002,1000000,Adam,1e-08,-107.84738582294716,-110.69584597004528,-97.23071783741284,cyclopropene
2,2e-05,1000000,Adam,1e-08,-107.84738582294736,-110.69584597004533,-108.54716941725484,cyclopropene
3,2e-06,1000000,Adam,1e-08,-107.84738582294749,-110.6958459700452,-108.48995776518818,cyclopropene
4,2e-07,1000000,Adam,1e-08,-107.84738582294707,-110.69584597004524,-108.42009028282486,cyclopropene
5,2e-08,1000000,Adam,1e-08,-107.84738582294725,-110.69584597004516,-107.84738666676448,cyclopropene
0,0.002,1000000,Adam,1e-08,-285.42687746787806,-292.6057913706603,NaN,dioxetan2one
1,0.0002,1000000,Adam,1e-08,-285.426877467881,-292.6057913706595,NaN,dioxetan2one
2,2e-05,1000000,Adam,1e-08,-285.426877467881,-292.60579137065974,-285.41624235285894,dioxetan2one
3,2e-06,1000000,Adam,1e-08,-285.4268774678801,-292.60579137066065,-285.3911902695862,dioxetan2one
4,2e-07,1000000,Adam,1e-08,-285.4268774678807,-292.60579137065974,-285.4268798106075,dioxetan2one
5,2e-08,1000000,Adam,1e-08,-285.4268774678801,-292.6057913706602,-285.4268777021548,dioxetan2one
0,0.002,1000000,Adam,1e-08,-215.0625350087085,-220.6885060015272,NaN,dioxetane
1,0.0002,1000000,Adam,1e-08,-215.0625350087085,-220.68850600152751,-215.8391783246152,dioxetane
2,2e-05,1000000,Adam,1e-08,-215.06253500870844,-220.68850600152743,-215.86024618939356,dioxetane
3,2e-06,1000000,Adam,1e-08,-215.0625350087084,-220.6885060015273,-215.8988832503001,dioxetane
4,2e-07,1000000,Adam,1e-08,-215.0625350087088,-220.68850600152692,-215.0625409402088,dioxetane
5,2e-08,1000000,Adam,1e-08,-215.0625350087085,-220.68850600152732,-215.06253560185863,dioxetane
0,0.002,1000000,Adam,1e-08,-180.1564837384845,-184.6533701138153,NaN,dioxirane
1,0.0002,1000000,Adam,1e-08,-180.15648373848435,-184.6533701138153,NaN,dioxirane
2,2e-05,1000000,Adam,1e-08,-180.1564837384844,-184.6533701138153,-180.7599189460088,dioxirane
3,2e-06,1000000,Adam,1e-08,-180.1564837384841,-184.6533701138153,-180.77712670650988,dioxirane
4,2e-07,1000000,Adam,1e-08,-180.15648373848404,-184.6533701138152,-180.1564888863456,dioxirane
5,2e-08,1000000,Adam,1e-08,-180.15648373848435,-184.65337011381516,-180.15648425327132,dioxirane
0,0.002,1000000,Adam,1e-08,-855.3979707587296,-866.6906328777093,NaN,dithiotane
1,0.0002,1000000,Adam,1e-08,-855.3979707587298,-866.6906328777093,NaN,dithiotane
2,2e-05,1000000,Adam,1e-08,-855.3979707587312,-866.69063287771,-855.3944698798441,dithiotane
3,2e-06,1000000,Adam,1e-08,-855.3979707587296,-866.69063287771,-855.3979421218792,dithiotane
4,2e-07,1000000,Adam,1e-08,-855.3979707587305,-866.690632877709,-855.3979678954197,dithiotane
5,2e-08,1000000,Adam,1e-08,-855.3979707587305,-866.690632877709,-855.3979704724027,dithiotane
0,0.002,1000000,Adam,1e-08,-145.12537580060527,-148.62124658167804,NaN,ethanol
1,0.0002,1000000,Adam,1e-08,-145.12537580060527,-148.62124658167815,NaN,ethanol
2,2e-05,1000000,Adam,1e-08,-145.12537580060527,-148.62124658167798,NaN,ethanol
3,2e-06,1000000,Adam,1e-08,-145.1253758006046,-148.62124658167804,NaN,ethanol
4,2e-07,1000000,Adam,1e-08,-145.12537580060527,-148.6212465816782,-145.12537421559145,ethanol
5,2e-08,1000000,Adam,1e-08,-145.12537580060516,-148.62124658167787,-145.12537564210547,ethanol
0,0.002,1000000,Adam,1e-08,-299.1822423030982,-305.7756265180526,NaN,f2co
1,0.0002,1000000,Adam,1e-08,-299.18224230309863,-305.7756265180525,NaN,f2co
2,2e-05,1000000,Adam,1e-08,-299.18224230309886,-305.7756265180525,-298.98951025876806,f2co
3,2e-06,1000000,Adam,1e-08,-299.18224230309806,-305.7756265180525,NaN,f2co
4,2e-07,1000000,Adam,1e-08,-299.18224230309863,-305.7756265180527,-299.1822402472977,f2co
5,2e-08,1000000,Adam,1e-08,-299.18224230309863,-305.7756265180525,-299.1822420975189,f2co
0,0.002,1000000,Adam,1e-08,-194.349048805317,-197.9311532138583,-163.61144692945837,f2
1,0.0002,1000000,Adam,1e-08,-194.349048805317,-197.9311532138583,-194.4148306501933,f2
2,2e-05,1000000,Adam,1e-08,-194.34904880531695,-197.9311532138583,-194.40971606057704,f2
3,2e-06,1000000,Adam,1e-08,-194.34904880531712,-197.9311532138583,NaN,f2
4,2e-07,1000000,Adam,1e-08,-194.34904880531704,-197.93115321385827,-194.34904987822665,f2
5,2e-08,1000000,Adam,1e-08,-194.34904880531693,-197.9311532138583,-194.34904891260885,f2
0,0.002,1000000,Adam,1e-08,-264.1377040722912,-269.4557805786632,-184.3343694288523,fccf
1,0.0002,1000000,Adam,1e-08,-264.1377040722915,-269.45578057866345,NaN,fccf
2,2e-05,1000000,Adam,1e-08,-264.1377040722913,-269.4557805786634,-264.4354512982269,fccf
3,2e-06,1000000,Adam,1e-08,-264.1377040722913,-269.4557805786632,-264.44138381351604,fccf
4,2e-07,1000000,Adam,1e-08,-264.1377040722912,-269.4557805786636,-264.13770947039467,fccf
5,2e-08,1000000,Adam,1e-08,-264.1377040722915,-269.45578057866345,-264.1377046121036,fccf
0,0.002,1000000,Adam,1e-08,-220.2963152728832,-225.3103353618054,NaN,fno
1,0.0002,1000000,Adam,1e-08,-220.2963152728832,-225.31033536180527,-203.3747607021314,fno
2,2e-05,1000000,Adam,1e-08,-220.2963152728828,-225.31033536180527,NaN,fno
3,2e-06,1000000,Adam,1e-08,-220.29631527288265,-225.31033536180533,NaN,fno
4,2e-07,1000000,Adam,1e-08,-220.296315272883,-225.31033536180527,-220.29631751345968,fno
5,2e-08,1000000,Adam,1e-08,-220.2963152728831,-225.31033536180533,-220.2963154969416,fno
0,0.002,1000000,Adam,1e-08,-159.7474657682314,-163.66591720729508,NaN,formamide
1,0.0002,1000000,Adam,1e-08,-159.7474657682314,-163.6659172072953,NaN,formamide
2,2e-05,1000000,Adam,1e-08,-159.74746576823156,-163.66591720729502,-158.58167590529388,formamide
3,2e-06,1000000,Adam,1e-08,-159.74746576823128,-163.6659172072953,NaN,formamide
4,2e-07,1000000,Adam,1e-08,-159.7474657682314,-163.66591720729508,-159.74746364719533,formamide
5,2e-08,1000000,Adam,1e-08,-159.7474657682314,-163.66591720729502,-159.74746555612984,formamide
0,0.002,1000000,Adam,1e-08,-286.1364894420158,-292.9011625577756,NaN,formic-anhydride
1,0.0002,1000000,Adam,1e-08,-286.136489442016,-292.9011625577766,NaN,formic-anhydride
2,2e-05,1000000,Adam,1e-08,-286.13648944201555,-292.9011625577764,-286.61205158375003,formic-anhydride
3,2e-06,1000000,Adam,1e-08,-286.13648944201555,-292.90116255777593,-286.66017311458586,formic-anhydride
4,2e-07,1000000,Adam,1e-08,-286.1364894420162,-292.90116255777593,-286.1364960096837,formic-anhydride
5,2e-08,1000000,Adam,1e-08,-286.1364894420158,-292.9011625577763,-286.1364900987842,formic-anhydride
0,0.002,1000000,Adam,1e-08,-179.79675731579678,-183.9900617000105,NaN,formic
1,0.0002,1000000,Adam,1e-08,-179.79675731579678,-183.99006170001056,NaN,formic
2,2e-05,1000000,Adam,1e-08,-179.79675731579667,-183.99006170001056,NaN,formic
3,2e-06,1000000,Adam,1e-08,-179.79675731579673,-183.99006170001067,NaN,formic
4,2e-07,1000000,Adam,1e-08,-179.79675731579638,-183.99006170001056,-179.79675793270945,formic
5,2e-08,1000000,Adam,1e-08,-179.79675731579678,-183.9900617000105,-179.7967573774886,formic
0,0.002,1000000,Adam,1e-08,-213.8087357817608,-219.1309398648259,NaN,furan
1,0.0002,1000000,Adam,1e-08,-213.80873578176025,-219.1309398648251,-214.4557295865081,furan
2,2e-05,1000000,Adam,1e-08,-213.80873578176067,-219.130939864825,-214.23893204580796,furan
3,2e-06,1000000,Adam,1e-08,-213.80873578176025,-219.13093986482647,-214.0358774400628,furan
4,2e-07,1000000,Adam,1e-08,-213.80873578175976,-219.1309398648253,-213.80874065934347,furan
5,2e-08,1000000,Adam,1e-08,-213.80873578176025,-219.1309398648253,-213.8087362695211,furan
0,0.002,1000000,Adam,1e-08,-215.29740711025627,-220.3922454395678,NaN,glyoxal
1,0.0002,1000000,Adam,1e-08,-215.29740711025605,-220.39224543956692,-207.37422581041628,glyoxal
2,2e-05,1000000,Adam,1e-08,-215.29740711025585,-220.39224543956803,-215.67595487857264,glyoxal
3,2e-06,1000000,Adam,1e-08,-215.29740711025627,-220.39224543956823,-215.70762326939743,glyoxal
4,2e-07,1000000,Adam,1e-08,-215.29740711025596,-220.392245439568,-215.29741134544253,glyoxal
5,2e-08,1000000,Adam,1e-08,-215.29740711025596,-220.392245439567,-215.2974075337752,glyoxal
0,0.002,1000000,Adam,1e-08,-108.45110015145968,-110.98266709263268,NaN,h2co
1,0.0002,1000000,Adam,1e-08,-108.4511001514598,-110.9826670926326,NaN,h2co
2,2e-05,1000000,Adam,1e-08,-108.45110015145966,-110.98266709263262,-108.58587460239612,h2co
3,2e-06,1000000,Adam,1e-08,-108.45110015145973,-110.98266709263264,-108.5853639663258,h2co
4,2e-07,1000000,Adam,1e-08,-108.45110015145973,-110.98266709263262,-108.45110244428932,h2co
5,2e-08,1000000,Adam,1e-08,-108.45110015145973,-110.98266709263255,-108.45110038074291,h2co
0,0.002,1000000,Adam,1e-08,-0.924853053954946,-0.963763850056758,-0.6972909644591874,h2
1,0.0002,1000000,Adam,1e-08,-0.924853053954946,-0.9637638500567562,-0.7190776321146197,h2
2,2e-05,1000000,Adam,1e-08,-0.9248530539549455,-0.9637638500567562,-0.948030300096128,h2
3,2e-06,1000000,Adam,1e-08,-0.9248530539549455,-0.963763850056758,-0.948721954908942,h2
4,2e-07,1000000,Adam,1e-08,-0.924853053954946,-0.9637638500567568,-0.9383488027730436,h2
5,2e-08,1000000,Adam,1e-08,-0.924853053954946,-0.963763850056758,-0.9248530934187048,h2
0,0.002,1000000,Adam,1e-08,-73.50528058242212,-74.98046125417274,NaN,h2o
1,0.0002,1000000,Adam,1e-08,-73.50528058242212,-74.98046125417274,NaN,h2o
2,2e-05,1000000,Adam,1e-08,-73.50528058242209,-74.98046125417272,-73.4406164855334,h2o
3,2e-06,1000000,Adam,1e-08,-73.50528058242213,-74.98046125417272,-73.45314317054,h2o
4,2e-07,1000000,Adam,1e-08,-73.50528058242206,-74.9804612541727,-73.50528115513744,h2o
5,2e-08,1000000,Adam,1e-08,-73.5052805824221,-74.98046125417271,-73.50528063969385,h2o
0,0.002,1000000,Adam,1e-08,-393.1934404649467,-397.8607187254436,NaN,h2s
1,0.0002,1000000,Adam,1e-08,-393.1934404649468,-397.8607187254436,-332.2266293123353,h2s
2,2e-05,1000000,Adam,1e-08,-393.193440464947,-397.8607187254435,-393.1593642524206,h2s
3,2e-06,1000000,Adam,1e-08,-393.19344046494655,-397.8607187254436,-393.15397799415007,h2s
4,2e-07,1000000,Adam,1e-08,-393.1934404649464,-397.8607187254435,-393.19344087240256,h2s
5,2e-08,1000000,Adam,1e-08,-393.1934404649468,-397.8607187254436,-393.193440505693,h2s
0,0.002,1000000,Adam,1e-08,-168.37491074353414,-171.82564966679183,NaN,hccf
1,0.0002,1000000,Adam,1e-08,-168.3749107435342,-171.82564966679206,NaN,hccf
2,2e-05,1000000,Adam,1e-08,-168.37491074353386,-171.82564966679195,-166.93516077059206,hccf
3,2e-06,1000000,Adam,1e-08,-168.3749107435341,-171.825649666792,NaN,hccf
4,2e-07,1000000,Adam,1e-08,-168.37491074353403,-171.82564966679195,-168.3749104886203,hccf
5,2e-08,1000000,Adam,1e-08,-168.3749107435341,-171.82564966679195,-168.3749107180446,hccf
0,0.002,1000000,Adam,1e-08,-454.66174628663816,-459.9267484453368,NaN,hcl
1,0.0002,1000000,Adam,1e-08,-454.6617462866382,-459.9267484453368,-454.7023207125519,hcl
2,2e-05,1000000,Adam,1e-08,-454.661746286638,-459.9267484453369,-454.7031774425533,hcl
3,2e-06,1000000,Adam,1e-08,-454.6617462866379,-459.9267484453368,-454.705056081156,hcl
4,2e-07,1000000,Adam,1e-08,-454.6617462866381,-459.9267484453368,-454.6617477444767,hcl
5,2e-08,1000000,Adam,1e-08,-454.661746286638,-459.9267484453368,-454.6617464324233,hcl
0,0.002,1000000,Adam,1e-08,-734.079900202677,-746.8920063251271,-679.372631626167,hclo4
1,0.0002,1000000,Adam,1e-08,-734.0799002026781,-746.8920063251269,-730.5203432461824,hclo4
2,2e-05,1000000,Adam,1e-08,-734.0799002026781,-746.8920063251271,-734.0932034278483,hclo4
3,2e-06,1000000,Adam,1e-08,-734.079900202679,-746.8920063251271,-734.0809295398001,hclo4
4,2e-07,1000000,Adam,1e-08,-734.0799002026774,-746.8920063251267,-734.0799030714909,hclo4
5,2e-08,1000000,Adam,1e-08,-734.0799002026768,-746.8920063251269,-734.0799004895623,hclo4
0,0.002,1000000,Adam,1e-08,-88.28124849758578,-90.3156987734078,NaN,hcn
1,0.0002,1000000,Adam,1e-08,-88.28124849758584,-90.31569877340776,-88.66694811499463,hcn
2,2e-05,1000000,Adam,1e-08,-88.2812484975857,-90.3156987734078,-88.65172737650184,hcn
3,2e-06,1000000,Adam,1e-08,-88.2812484975857,-90.31569877340776,-88.64876764688051,hcn
4,2e-07,1000000,Adam,1e-08,-88.2812484975857,-90.3156987734078,-88.28125182657593,hcn
5,2e-08,1000000,Adam,1e-08,-88.28124849758572,-90.31569877340776,-88.28124883048554,hcn
0,0.002,1000000,Adam,1e-08,-159.09663916158232,-162.98195121994004,NaN,hcno
1,0.0002,1000000,Adam,1e-08,-159.09663916158226,-162.98195121994004,-159.60129254531628,hcno
2,2e-05,1000000,Adam,1e-08,-159.09663916158237,-162.98195121994004,-159.527338009646,hcno
3,2e-06,1000000,Adam,1e-08,-159.0966391615822,-162.9819512199401,-159.6597177932014,hcno
4,2e-07,1000000,Adam,1e-08,-159.0966391615822,-162.98195121994004,-159.09664424542726,hcno
5,2e-08,1000000,Adam,1e-08,-159.09663916158232,-162.98195121994004,-159.09663966996848,hcno
0,0.002,1000000,Adam,1e-08,-204.09630994450904,-208.60382874167877,NaN,hcof
1,0.0002,1000000,Adam,1e-08,-204.09630994450896,-208.60382874167897,NaN,hcof
2,2e-05,1000000,Adam,1e-08,-204.09630994450856,-208.60382874167897,-204.09960209344928,hcof
3,2e-06,1000000,Adam,1e-08,-204.09630994450868,-208.60382874167885,-204.09793995539812,hcof
4,2e-07,1000000,Adam,1e-08,-204.09630994450868,-208.6038287416789,-204.0963105155614,hcof
5,2e-08,1000000,Adam,1e-08,-204.0963099445088,-208.60382874167885,-204.09631000161488,hcof
0,0.002,1000000,Adam,1e-08,-97.88422633062083,-99.6510319293982,-48.88990766433676,hf
1,0.0002,1000000,Adam,1e-08,-97.8842263306208,-99.6510319293982,-97.84979999088588,hf
2,2e-05,1000000,Adam,1e-08,-97.8842263306208,-99.6510319293982,-97.8466466654978,hf
3,2e-06,1000000,Adam,1e-08,-97.88422633062083,-99.65103192939824,-97.86152998201705,hf
4,2e-07,1000000,Adam,1e-08,-97.88422633062086,-99.65103192939824,-97.8842272356678,hf
5,2e-08,1000000,Adam,1e-08,-97.88422633062083,-99.6510319293982,-97.88422642112604,hf
0,0.002,1000000,Adam,1e-08,-88.21537979464996,-90.291587782214,NaN,hnc
1,0.0002,1000000,Adam,1e-08,-88.21537979464996,-90.29158778221404,NaN,hnc
2,2e-05,1000000,Adam,1e-08,-88.21537979465008,-90.291587782214,NaN,hnc
3,2e-06,1000000,Adam,1e-08,-88.21537979464996,-90.291587782214,NaN,hnc
4,2e-07,1000000,Adam,1e-08,-88.21537979464999,-90.291587782214,-88.21537747519623,hnc
5,2e-08,1000000,Adam,1e-08,-88.21537979465002,-90.291587782214,-88.21537956270582,hnc
0,0.002,1000000,Adam,1e-08,-159.3328641466765,-163.0994487199647,NaN,hnco
1,0.0002,1000000,Adam,1e-08,-159.33286414667612,-163.0994487199647,-158.61506186132883,hnco
2,2e-05,1000000,Adam,1e-08,-159.33286414667646,-163.0994487199647,-159.45373960194922,hnco
3,2e-06,1000000,Adam,1e-08,-159.3328641466763,-163.0994487199647,-159.42327449353598,hnco
4,2e-07,1000000,Adam,1e-08,-159.33286414667623,-163.09944871996464,-159.3328664006675,hnco
5,2e-08,1000000,Adam,1e-08,-159.33286414667617,-163.0994487199647,-159.33286437207738,hnco
0,0.002,1000000,Adam,1e-08,-154.99982844410988,-159.02574501039004,NaN,hnnn
1,0.0002,1000000,Adam,1e-08,-154.99982844410977,-159.02574501038953,-155.09758908964818,hnnn
2,2e-05,1000000,Adam,1e-08,-154.99982844410965,-159.02574501038953,-155.11891054178926,hnnn
3,2e-06,1000000,Adam,1e-08,-154.99982844410977,-159.02574501038953,-155.04925263457503,hnnn
4,2e-07,1000000,Adam,1e-08,-154.99982844410945,-159.02574501038987,-154.9998306193986,hnnn
5,2e-08,1000000,Adam,1e-08,-154.99982844410945,-159.02574501038998,-154.99982866164078,hnnn
0,0.002,1000000,Adam,1e-08,-124.41320532700402,-127.4469259661939,NaN,hno
1,0.0002,1000000,Adam,1e-08,-124.41320532700384,-127.44692596619396,NaN,hno
2,2e-05,1000000,Adam,1e-08,-124.413205327004,-127.4469259661939,-124.69447615044685,hno
3,2e-06,1000000,Adam,1e-08,-124.41320532700388,-127.4469259661939,-124.72352489431864,hno
4,2e-07,1000000,Adam,1e-08,-124.413205327004,-127.44692596619385,-124.41320856660944,hno
5,2e-08,1000000,Adam,1e-08,-124.41320532700392,-127.44692596619396,-124.413205650965,hno
0,0.002,1000000,Adam,1e-08,-526.5351699692701,-533.352747250691,NaN,hocl
1,0.0002,1000000,Adam,1e-08,-526.5351699692699,-533.352747250691,-526.0800999612895,hocl
2,2e-05,1000000,Adam,1e-08,-526.5351699692696,-533.3527472506908,-526.4164606607562,hocl
3,2e-06,1000000,Adam,1e-08,-526.5351699692696,-533.352747250691,-526.4296043712154,hocl
4,2e-07,1000000,Adam,1e-08,-526.5351699692696,-533.352747250691,-526.5351695963611,hocl
5,2e-08,1000000,Adam,1e-08,-526.5351699692703,-533.352747250691,-526.535169931981,hocl
0,0.002,1000000,Adam,1e-08,-665.9198376281727,-676.7101931172654,NaN,hoclo2
1,0.0002,1000000,Adam,1e-08,-665.9198376281718,-676.7101931172658,NaN,hoclo2
2,2e-05,1000000,Adam,1e-08,-665.9198376281713,-676.7101931172658,-665.8636290118102,hoclo2
3,2e-06,1000000,Adam,1e-08,-665.919837628174,-676.7101931172658,-665.8758525443752,hoclo2
4,2e-07,1000000,Adam,1e-08,-665.9198376281711,-676.7101931172654,-665.9198368969312,hoclo2
5,2e-08,1000000,Adam,1e-08,-665.9198376281718,-676.7101931172658,-665.9198375550488,hoclo2
0,0.002,1000000,Adam,1e-08,-596.9525699560902,-605.7451115374099,NaN,hoclo
1,0.0002,1000000,Adam,1e-08,-596.9525699560907,-605.7451115374101,NaN,hoclo
2,2e-05,1000000,Adam,1e-08,-596.95256995609,-605.7451115374097,NaN,hoclo
3,2e-06,1000000,Adam,1e-08,-596.9525699560895,-605.7451115374099,NaN,hoclo
4,2e-07,1000000,Adam,1e-08,-596.9525699560897,-605.7451115374099,-596.9525698742809,hoclo
5,2e-08,1000000,Adam,1e-08,-596.95256995609,-605.7451115374097,-596.9525699479109,hoclo
0,0.002,1000000,Adam,1e-08,-159.84855989788713,-163.4812399602476,NaN,hocn
1,0.0002,1000000,Adam,1e-08,-159.8485598978869,-163.4812399602477,-159.924892744119,hocn
2,2e-05,1000000,Adam,1e-08,-159.848559897887,-163.48123996024765,-159.912844218055,hocn
3,2e-06,1000000,Adam,1e-08,-159.8485598978869,-163.4812399602476,-159.8841629830875,hocn
4,2e-07,1000000,Adam,1e-08,-159.8485598978869,-163.4812399602476,-159.8485618785664,hocn
5,2e-08,1000000,Adam,1e-08,-159.84855989788713,-163.48123996024765,-159.84856009595603,hocn
0,0.002,1000000,Adam,1e-08,-169.94275032897335,-173.31258014527504,NaN,hof
1,0.0002,1000000,Adam,1e-08,-169.94275032897357,-173.31258014527506,NaN,hof
2,2e-05,1000000,Adam,1e-08,-169.94275032897326,-173.31258014527512,-170.14481871619012,hof
3,2e-06,1000000,Adam,1e-08,-169.94275032897323,-173.3125801452751,-170.04028301407848,hof
4,2e-07,1000000,Adam,1e-08,-169.9427503289735,-173.31258014527506,-169.94275269857863,hof
5,2e-08,1000000,Adam,1e-08,-169.9427503289735,-173.31258014527512,-169.94275056593452,hof
0,0.002,1000000,Adam,1e-08,-159.89021285015446,-163.62967366070455,NaN,honc
1,0.0002,1000000,Adam,1e-08,-159.89021285015434,-163.62967366070444,-119.31864352915612,honc
2,2e-05,1000000,Adam,1e-08,-159.8902128501545,-163.62967366070438,-160.57884502411338,honc
3,2e-06,1000000,Adam,1e-08,-159.89021285015434,-163.6296736607045,-160.59010617840403,honc
4,2e-07,1000000,Adam,1e-08,-159.8902128501545,-163.62967366070438,-159.89021616928488,honc
5,2e-08,1000000,Adam,1e-08,-159.89021285015463,-163.62967366070444,-159.89021318206852,honc
0,0.002,1000000,Adam,1e-08,-145.51953005321212,-148.63541101581183,-99.25172506267764,hooh
1,0.0002,1000000,Adam,1e-08,-145.51953005321212,-148.63541101581188,-134.8815581929648,hooh
2,2e-05,1000000,Adam,1e-08,-145.51953005321218,-148.63541101581188,NaN,hooh
3,2e-06,1000000,Adam,1e-08,-145.51953005321212,-148.63541101581194,NaN,hooh
4,2e-07,1000000,Adam,1e-08,-145.51953005321218,-148.63541101581194,-145.51953248605446,hooh
5,2e-08,1000000,Adam,1e-08,-145.51953005321218,-148.63541101581188,-145.5195302964977,hooh
0,0.002,1000000,Adam,1e-08,-143.7884381141996,-147.11894699604193,NaN,ketene
1,0.0002,1000000,Adam,1e-08,-143.7884381141996,-147.1189469960421,NaN,ketene
2,2e-05,1000000,Adam,1e-08,-143.7884381141996,-147.11894699604187,-144.0438014986462,ketene
3,2e-06,1000000,Adam,1e-08,-143.7884381141996,-147.11894699604198,-144.04426402575336,ketene
4,2e-07,1000000,Adam,1e-08,-143.7884381141996,-147.1189469960418,-143.78844278017937,ketene
5,2e-08,1000000,Adam,1e-08,-143.7884381141996,-147.11894699604193,-143.7884385807991,ketene
0,0.002,1000000,Adam,1e-08,-109.21940602603604,-111.7652444088346,NaN,methanol
1,0.0002,1000000,Adam,1e-08,-109.21940602603604,-111.76524440883448,NaN,methanol
2,2e-05,1000000,Adam,1e-08,-109.21940602603604,-111.7652444088347,-109.2565194652836,methanol
3,2e-06,1000000,Adam,1e-08,-109.21940602603604,-111.76524440883462,-109.26879183926047,methanol
4,2e-07,1000000,Adam,1e-08,-109.21940602603604,-111.76524440883462,-109.21940668569228,methanol
5,2e-08,1000000,Adam,1e-08,-109.21940602603604,-111.76524440883476,-109.2194060920016,methanol
0,0.002,1000000,Adam,1e-08,-105.0537090784364,-107.70649560417198,NaN,n2h4
1,0.0002,1000000,Adam,1e-08,-105.05370907843648,-107.70649560417176,-100.98598049372524,n2h4
2,2e-05,1000000,Adam,1e-08,-105.0537090784364,-107.70649560417186,-105.50977404914946,n2h4
3,2e-06,1000000,Adam,1e-08,-105.0537090784364,-107.70649560417192,-105.51098984916612,n2h4
4,2e-07,1000000,Adam,1e-08,-105.0537090784364,-107.70649560417186,-105.05371116058797,n2h4
5,2e-08,1000000,Adam,1e-08,-105.05370907843648,-107.70649560417198,-105.05370928665232,n2h4
0,0.002,1000000,Adam,1e-08,-103.86002638966347,-106.42127424493104,-13.944994214960886,n2
1,0.0002,1000000,Adam,1e-08,-103.86002638966347,-106.42127424493104,-98.0554652551637,n2
2,2e-05,1000000,Adam,1e-08,-103.86002638966347,-106.42127424493104,-104.09832974614376,n2
3,2e-06,1000000,Adam,1e-08,-103.86002638966347,-106.42127424493104,-104.1179108731036,n2
4,2e-07,1000000,Adam,1e-08,-103.8600263896635,-106.42127424493104,-103.86002832109412,n2
5,2e-08,1000000,Adam,1e-08,-103.8600263896635,-106.4212742449311,-103.86002658280698,n2
0,0.002,1000000,Adam,1e-08,-388.2972070955127,-397.8064108601032,NaN,n2o4
1,0.0002,1000000,Adam,1e-08,-388.2972070955127,-397.80641086010365,NaN,n2o4
2,2e-05,1000000,Adam,1e-08,-388.2972070955127,-397.8064108601033,-387.2874528270159,n2o4
3,2e-06,1000000,Adam,1e-08,-388.2972070955127,-397.8064108601034,NaN,n2o4
4,2e-07,1000000,Adam,1e-08,-388.2972070955127,-397.8064108601034,-388.29721315554974,n2o4
5,2e-08,1000000,Adam,1e-08,-388.2972070955127,-397.80641086010365,-388.2972077015199,n2o4
0,0.002,1000000,Adam,1e-08,-174.82316122720326,-179.17641237627166,NaN,n2o
1,0.0002,1000000,Adam,1e-08,-174.82316122720326,-179.1764123762716,-175.13432046110475,n2o
2,2e-05,1000000,Adam,1e-08,-174.82316122720326,-179.1764123762716,-175.1537951441796,n2o
3,2e-06,1000000,Adam,1e-08,-174.82316122720326,-179.1764123762716,-175.15625225105063,n2o
4,2e-07,1000000,Adam,1e-08,-174.82316122720326,-179.1764123762716,-174.82316625620237,n2o
5,2e-08,1000000,Adam,1e-08,-174.82316122720326,-179.1764123762717,-174.82316173010517,n2o
0,0.002,1000000,Adam,1e-08,-145.4844953410443,-149.1347625129111,NaN,n-butane
1,0.0002,1000000,Adam,1e-08,-145.4844953410443,-149.13476251291132,NaN,n-butane
2,2e-05,1000000,Adam,1e-08,-145.48449534104424,-149.1347625129113,-145.50366219804044,n-butane
3,2e-06,1000000,Adam,1e-08,-145.4844953410443,-149.13476251291138,-145.5051133972276,n-butane
4,2e-07,1000000,Adam,1e-08,-145.4844953410443,-149.1347625129113,-145.48449738361097,n-butane
5,2e-08,1000000,Adam,1e-08,-145.48449534104424,-149.1347625129112,-145.48449554530208,n-butane
0,0.002,1000000,Adam,1e-08,-174.97110474971788,-179.04712012661258,NaN,nccn
1,0.0002,1000000,Adam,1e-08,-174.97110474971782,-179.04712012661292,NaN,nccn
2,2e-05,1000000,Adam,1e-08,-174.97110474971782,-179.0471201266148,-167.3219184754823,nccn
3,2e-06,1000000,Adam,1e-08,-174.97110474971782,-179.0471201266128,NaN,nccn
4,2e-07,1000000,Adam,1e-08,-174.97110474971782,-179.04712012661167,-174.9711036519796,nccn
5,2e-08,1000000,Adam,1e-08,-174.97110474971788,-179.04712012661207,-174.9711046399463,nccn
0,0.002,1000000,Adam,1e-08,-506.4936441492629,-513.0900396190511,NaN,nh2cl
1,0.0002,1000000,Adam,1e-08,-506.4936441492629,-513.0900396190511,-505.4812096614465,nh2cl
2,2e-05,1000000,Adam,1e-08,-506.4936441492629,-513.0900396190511,-506.4738310163127,nh2cl
3,2e-06,1000000,Adam,1e-08,-506.4936441492629,-513.0900396190511,-506.4782041471703,nh2cl
4,2e-07,1000000,Adam,1e-08,-506.4936441492629,-513.0900396190511,-506.4936429605388,nh2cl
5,2e-08,1000000,Adam,1e-08,-506.4936441492629,-513.0900396190511,-506.4936440303933,nh2cl
0,0.002,1000000,Adam,1e-08,-149.6489582436152,-152.88075793937793,NaN,nh2f
1,0.0002,1000000,Adam,1e-08,-149.6489582436152,-152.88075793937793,NaN,nh2f
2,2e-05,1000000,Adam,1e-08,-149.6489582436152,-152.88075793937793,-149.82628853206683,nh2f
3,2e-06,1000000,Adam,1e-08,-149.6489582436152,-152.88075793937804,-149.8256897278461,nh2f
4,2e-07,1000000,Adam,1e-08,-149.6489582436152,-152.88075793937793,-149.6489600910803,nh2f
5,2e-08,1000000,Adam,1e-08,-149.6489582436152,-152.88075793937804,-149.6489584283624,nh2f
0,0.002,1000000,Adam,1e-08,-125.25310248374802,-128.17029921002674,NaN,nh2oh
1,0.0002,1000000,Adam,1e-08,-125.25310248374802,-128.17029921002668,-125.22773514628815,nh2oh
2,2e-05,1000000,Adam,1e-08,-125.25310248374802,-128.1702992100266,NaN,nh2oh
3,2e-06,1000000,Adam,1e-08,-125.25310248374802,-128.17029921002663,-125.23052879369212,nh2oh
4,2e-07,1000000,Adam,1e-08,-125.25310248374802,-128.17029921002646,-125.25310149590244,nh2oh
5,2e-08,1000000,Adam,1e-08,-125.25310248374802,-128.17029921002666,-125.2531023849644,nh2oh
0,0.002,1000000,Adam,1e-08,-53.38783260207739,-54.64621816763641,-26.487862236000808,nh3
1,0.0002,1000000,Adam,1e-08,-53.387832602077374,-54.64621816763636,-53.38540550483528,nh3
2,2e-05,1000000,Adam,1e-08,-53.387832602077374,-54.64621816763641,-53.26033164326642,nh3
3,2e-06,1000000,Adam,1e-08,-53.387832602077374,-54.64621816763636,NaN,nh3
4,2e-07,1000000,Adam,1e-08,-53.387832602077374,-54.64621816763637,-53.38783111850943,nh3
5,2e-08,1000000,Adam,1e-08,-53.387832602077374,-54.646218167636384,-53.387832453721366,nh3
0,0.002,1000000,Adam,1e-08,-181.51319612353893,-186.0320974834556,NaN,n-pentane
1,0.0002,1000000,Adam,1e-08,-181.51319612353893,-186.03209748345623,NaN,n-pentane
2,2e-05,1000000,Adam,1e-08,-181.51319612353893,-186.0320974834559,-181.60627149294865,n-pentane
3,2e-06,1000000,Adam,1e-08,-181.5131961235388,-186.0320974834559,-181.5132340372055,n-pentane
4,2e-07,1000000,Adam,1e-08,-181.51319612353893,-186.0320974834561,-181.51319991495652,n-pentane
5,2e-08,1000000,Adam,1e-08,-181.51319612353893,-186.0320974834561,-181.5131965026818,n-pentane
0,0.002,1000000,Adam,1e-08,-499.4159695132099,-506.3531428896043,NaN,ocs
1,0.0002,1000000,Adam,1e-08,-499.4159695132099,-506.3531428896043,-471.52358666447526,ocs
2,2e-05,1000000,Adam,1e-08,-499.41596951321,-506.3531428896043,NaN,ocs
3,2e-06,1000000,Adam,1e-08,-499.4159695132099,-506.3531428896043,NaN,ocs
4,2e-07,1000000,Adam,1e-08,-499.4159695132099,-506.3531428896043,-499.4159711200888,ocs
5,2e-08,1000000,Adam,1e-08,-499.4159695132099,-506.3531428896043,-499.4159696738992,ocs
0,0.002,1000000,Adam,1e-08,-245.29355306946636,-251.8085257784092,NaN,oxadiazole
1,0.0002,1000000,Adam,1e-08,-245.2935530694662,-251.80852577841037,-245.70727544952712,oxadiazole
2,2e-05,1000000,Adam,1e-08,-245.29355306946636,-251.8085257784097,-245.67419044032857,oxadiazole
3,2e-06,1000000,Adam,1e-08,-245.29355306946636,-251.8085257784101,-245.6785053016832,oxadiazole
4,2e-07,1000000,Adam,1e-08,-245.29355306946636,-251.8085257784092,-245.2935622590608,oxadiazole
5,2e-08,1000000,Adam,1e-08,-245.29355306946636,-251.8085257784092,-245.2935539884291,oxadiazole
0,0.002,1000000,Adam,1e-08,-179.80666508093083,-184.47806096717065,NaN,oxetane
1,0.0002,1000000,Adam,1e-08,-179.80666508093083,-184.47806096717017,NaN,oxetane
2,2e-05,1000000,Adam,1e-08,-179.80666508093077,-184.47806096716985,-180.1846689365316,oxetane
3,2e-06,1000000,Adam,1e-08,-179.80666508093083,-184.47806096717,-179.8103398833149,oxetane
4,2e-07,1000000,Adam,1e-08,-179.80666508093077,-184.47806096717,-179.80666579391567,oxetane
5,2e-08,1000000,Adam,1e-08,-179.80666508093088,-184.47806096716985,-179.80666515223078,oxetane
0,0.002,1000000,Adam,1e-08,-144.0712392543936,-147.86836336692588,NaN,oxirane
1,0.0002,1000000,Adam,1e-08,-144.0712392543936,-147.86836336692565,-134.60506074822396,oxirane
2,2e-05,1000000,Adam,1e-08,-144.07123925439353,-147.86836336692593,NaN,oxirane
3,2e-06,1000000,Adam,1e-08,-144.0712392543936,-147.86836336692588,NaN,oxirane
4,2e-07,1000000,Adam,1e-08,-144.0712392543936,-147.86836336692588,-144.07123713279648,oxirane
5,2e-08,1000000,Adam,1e-08,-144.0712392543936,-147.86836336692542,-144.07123904223587,oxirane
0,0.002,1000000,Adam,1e-08,-143.99851284614422,-147.56763773643004,NaN,oxirene
1,0.0002,1000000,Adam,1e-08,-143.99851284614422,-147.56763773643016,NaN,oxirene
2,2e-05,1000000,Adam,1e-08,-143.99851284614422,-147.5676377364302,-142.99089205179953,oxirene
3,2e-06,1000000,Adam,1e-08,-143.99851284614422,-147.5676377364301,NaN,oxirene
4,2e-07,1000000,Adam,1e-08,-143.99851284614422,-147.56763773643027,-143.99851019034426,oxirene
5,2e-08,1000000,Adam,1e-08,-143.99851284614422,-147.56763773643027,-143.9985125805663,oxirene
0,0.002,1000000,Adam,1e-08,-672.1891852047513,-680.1597032297835,NaN,p2
1,0.0002,1000000,Adam,1e-08,-672.1891852047512,-680.1597032297835,NaN,p2
2,2e-05,1000000,Adam,1e-08,-672.1891852047513,-680.1597032297835,-672.2405625335658,p2
3,2e-06,1000000,Adam,1e-08,-672.1891852047513,-680.1597032297835,-672.2442050099595,p2
4,2e-07,1000000,Adam,1e-08,-672.1891852047513,-680.1597032297835,-672.1891874208274,p2
5,2e-08,1000000,Adam,1e-08,-672.1891852047512,-680.1597032297835,-672.1891854263598,p2
0,0.002,1000000,Adam,1e-08,-1339.8576013398165,-1357.5530691032154,NaN,p4
1,0.0002,1000000,Adam,1e-08,-1339.8576013398156,-1357.5530691032145,-1339.1098586010708,p4
2,2e-05,1000000,Adam,1e-08,-1339.8576013398158,-1357.5530691032145,-1339.204094598599,p4
3,2e-06,1000000,Adam,1e-08,-1339.8576013398158,-1357.553069103215,NaN,p4
4,2e-07,1000000,Adam,1e-08,-1339.8576013398158,-1357.553069103215,-1339.8575947989968,p4
5,2e-08,1000000,Adam,1e-08,-1339.8576013398156,-1357.553069103215,-1339.857600685737,p4
0,0.002,1000000,Adam,1e-08,-623.9318389917302,-633.0728033771123,NaN,pf3
1,0.0002,1000000,Adam,1e-08,-623.9318389917303,-633.0728033771122,-624.007843429269,pf3
2,2e-05,1000000,Adam,1e-08,-623.9318389917304,-633.0728033771127,-624.0135858889772,pf3
3,2e-06,1000000,Adam,1e-08,-623.9318389917304,-633.0728033771126,-623.9878029498676,pf3
4,2e-07,1000000,Adam,1e-08,-623.9318389917303,-633.0728033771123,-623.9318414628816,pf3
5,2e-08,1000000,Adam,1e-08,-623.9318389917303,-633.0728033771123,-623.931839238848,pf3
0,0.002,1000000,Adam,1e-08,-812.8027280994146,-825.7098320411054,NaN,pf5
1,0.0002,1000000,Adam,1e-08,-812.8027280994144,-825.7098320411059,NaN,pf5
2,2e-05,1000000,Adam,1e-08,-812.8027280994146,-825.7098320411061,NaN,pf5
3,2e-06,1000000,Adam,1e-08,-812.8027280994144,-825.7098320411059,NaN,pf5
4,2e-07,1000000,Adam,1e-08,-812.8027280994148,-825.7098320411052,-812.8027261551734,pf5
5,2e-08,1000000,Adam,1e-08,-812.8027280994146,-825.7098320411052,-812.8027279049917,pf5
0,0.002,1000000,Adam,1e-08,-337.0891358114111,-341.1726886987544,NaN,ph3
1,0.0002,1000000,Adam,1e-08,-337.08913581141104,-341.1726886987543,NaN,ph3
2,2e-05,1000000,Adam,1e-08,-337.0891358114111,-341.1726886987543,-337.0793032496882,ph3
3,2e-06,1000000,Adam,1e-08,-337.0891358114111,-341.17268869875426,-337.0814129023058,ph3
4,2e-07,1000000,Adam,1e-08,-337.0891358114111,-341.1726886987543,-337.08913576340603,ph3
5,2e-08,1000000,Adam,1e-08,-337.0891358114111,-341.1726886987543,-337.08913580661186,ph3
0,0.002,1000000,Adam,1e-08,-109.46831747901706,-112.25091924474214,-77.61424044803167,propane
1,0.0002,1000000,Adam,1e-08,-109.46831747901706,-112.2509192447418,NaN,propane
2,2e-05,1000000,Adam,1e-08,-109.46831747901706,-112.25091924474197,-107.55648132160296,propane
3,2e-06,1000000,Adam,1e-08,-109.46831747901706,-112.25091924474192,NaN,propane
4,2e-07,1000000,Adam,1e-08,-109.46831747901706,-112.2509192447418,NaN,propane
5,2e-08,1000000,Adam,1e-08,-109.46831747901706,-112.25091924474192,-109.46831724449726,propane
0,0.002,1000000,Adam,1e-08,-108.8239324113884,-111.51756645253884,NaN,propene
1,0.0002,1000000,Adam,1e-08,-108.8239324113884,-111.51756645253856,NaN,propene
2,2e-05,1000000,Adam,1e-08,-108.8239324113884,-111.51756645253874,NaN,propene
3,2e-06,1000000,Adam,1e-08,-108.82393241138844,-111.51756645253892,NaN,propene
4,2e-07,1000000,Adam,1e-08,-108.8239324113884,-111.51756645253832,NaN,propene
5,2e-08,1000000,Adam,1e-08,-108.8239324113884,-111.51756645253867,-108.82393183403909,propene
0,0.002,1000000,Adam,1e-08,-108.38837329900574,-110.98755267419878,NaN,propyne
1,0.0002,1000000,Adam,1e-08,-108.38837329900574,-110.98755267419898,NaN,propyne
2,2e-05,1000000,Adam,1e-08,-108.3883732990057,-110.98755267419848,-108.87022475153086,propyne
3,2e-06,1000000,Adam,1e-08,-108.38837329900574,-110.98755267419897,-108.83781891963386,propyne
4,2e-07,1000000,Adam,1e-08,-108.3883732990057,-110.98755267419872,-108.78780672769324,propyne
5,2e-08,1000000,Adam,1e-08,-108.3883732990057,-110.98755267419872,-108.38837397739496,propyne
0,0.002,1000000,Adam,1e-08,-193.79108724410327,-198.734176868933,NaN,pyrrole
1,0.0002,1000000,Adam,1e-08,-193.79108724410327,-198.7341768689323,-194.52220298911607,pyrrole
2,2e-05,1000000,Adam,1e-08,-193.79108724410327,-198.7341768689322,-194.53272399277995,pyrrole
3,2e-06,1000000,Adam,1e-08,-193.79108724410327,-198.7341768689317,-194.54901749132057,pyrrole
4,2e-07,1000000,Adam,1e-08,-193.79108724410327,-198.7341768689324,-193.79109522893776,pyrrole
5,2e-08,1000000,Adam,1e-08,-193.79108724410327,-198.7341768689328,-193.79108804258985,pyrrole
0,0.002,1000000,Adam,1e-08,-854.2610819242466,-865.3591531037282,NaN,s2o
1,0.0002,1000000,Adam,1e-08,-854.2610819242466,-865.3591531037282,-854.2053440560821,s2o
2,2e-05,1000000,Adam,1e-08,-854.2610819242466,-865.3591531037282,-854.2079027438263,s2o
3,2e-06,1000000,Adam,1e-08,-854.2610819242466,-865.3591531037282,-854.2155526895108,s2o
4,2e-07,1000000,Adam,1e-08,-854.2610819242466,-865.3591531037282,-854.261080417908,s2o
5,2e-08,1000000,Adam,1e-08,-854.2610819242468,-865.3591531037282,-854.2610817736154,s2o
0,0.002,1000000,Adam,1e-08,-962.1016723594372,-978.4502388951616,NaN,sf6
1,0.0002,1000000,Adam,1e-08,-962.1016723594372,-978.450238895163,NaN,sf6
2,2e-05,1000000,Adam,1e-08,-962.1016723594372,-978.4502388951616,NaN,sf6
3,2e-06,1000000,Adam,1e-08,-962.1016723594372,-978.450238895162,NaN,sf6
4,2e-07,1000000,Adam,1e-08,-962.1016723594375,-978.450238895162,-962.1016705720828,sf6
5,2e-08,1000000,Adam,1e-08,-962.1016723594372,-978.4502388951626,-962.1016721807016,sf6
0,0.002,1000000,Adam,1e-08,-570.8526027260316,-577.8684763066593,NaN,si2h6
1,0.0002,1000000,Adam,1e-08,-570.8526027260316,-577.8684763066593,NaN,si2h6
2,2e-05,1000000,Adam,1e-08,-570.8526027260316,-577.8684763066594,-570.8566599571635,si2h6
3,2e-06,1000000,Adam,1e-08,-570.8526027260316,-577.8684763066592,-570.8558318717029,si2h6
4,2e-07,1000000,Adam,1e-08,-570.8526027260316,-577.8684763066594,-570.8526035931301,si2h6
5,2e-08,1000000,Adam,1e-08,-570.8526027260316,-577.8684763066592,-570.8526028127438,si2h6
0,0.002,1000000,Adam,1e-08,-668.383720479443,-678.444787785112,NaN,sif4
1,0.0002,1000000,Adam,1e-08,-668.383720479443,-678.4447877851115,NaN,sif4
2,2e-05,1000000,Adam,1e-08,-668.383720479443,-678.4447877851125,-668.4244613216987,sif4
3,2e-06,1000000,Adam,1e-08,-668.3837204794432,-678.4447877851115,-668.4338043015917,sif4
4,2e-07,1000000,Adam,1e-08,-668.3837204794432,-678.444787785112,-668.3837231083634,sif4
5,2e-08,1000000,Adam,1e-08,-668.3837204794432,-678.444787785112,-668.3837207423368,sif4
0,0.002,1000000,Adam,1e-08,-381.8616462474306,-387.0308506936746,NaN,sih3f
1,0.0002,1000000,Adam,1e-08,-381.8616462474306,-387.0308506936743,NaN,sih3f
2,2e-05,1000000,Adam,1e-08,-381.8616462474306,-387.0308506936744,-381.8681573172758,sih3f
3,2e-06,1000000,Adam,1e-08,-381.86164624743066,-387.0308506936747,-381.86807498124,sih3f
4,2e-07,1000000,Adam,1e-08,-381.86164624743066,-387.0308506936745,-381.86164658224976,sih3f
5,2e-08,1000000,Adam,1e-08,-381.8616462474306,-387.03085069367467,-381.8616462809128,sih3f
0,0.002,1000000,Adam,1e-08,-286.05614319377133,-289.54705825962475,-285.4208921094816,sih4
1,0.0002,1000000,Adam,1e-08,-286.05614319377133,-289.54705825962486,-277.6452487521022,sih4
2,2e-05,1000000,Adam,1e-08,-286.05614319377133,-289.54705825962486,-286.05141703149565,sih4
3,2e-06,1000000,Adam,1e-08,-286.05614319377133,-289.54705825962475,-286.0528620456352,sih4
4,2e-07,1000000,Adam,1e-08,-286.05614319377133,-289.547058259625,-286.0561425241018,sih4
5,2e-08,1000000,Adam,1e-08,-286.05614319377133,-289.54705825962486,-286.05614312680655,sih4
0,0.002,1000000,Adam,1e-08,-427.5127014237784,-434.4007220041453,-340.4712576758295,silole
1,0.0002,1000000,Adam,1e-08,-427.5127014237784,-434.4007220041394,-427.85310472040135,silole
2,2e-05,1000000,Adam,1e-08,-427.5127014237785,-434.4007220041304,-427.8595866818098,silole
3,2e-06,1000000,Adam,1e-08,-427.5127014237784,-434.4007220041367,-427.88265750755215,silole
4,2e-07,1000000,Adam,1e-08,-427.5127014237783,-434.4007220041405,-427.5127088441498,silole
5,2e-08,1000000,Adam,1e-08,-427.5127014237784,-434.4007220041432,-427.5127021658177,silole
0,0.002,1000000,Adam,1e-08,-357.0437674823082,-361.82201300170647,NaN,sio
1,0.0002,1000000,Adam,1e-08,-357.0437674823082,-361.82201300170624,-356.4634220610082,sio
2,2e-05,1000000,Adam,1e-08,-357.0437674823082,-361.82201300170647,-356.6523080386674,sio
3,2e-06,1000000,Adam,1e-08,-357.04376748230817,-361.8220130017064,NaN,sio
4,2e-07,1000000,Adam,1e-08,-357.04376748230817,-361.8220130017064,-357.0437667950053,sio
5,2e-08,1000000,Adam,1e-08,-357.0437674823082,-361.8220130017064,-357.0437674135787,sio
0,0.002,1000000,Adam,1e-08,-533.9964349171834,-541.6824040491243,NaN,so2
1,0.0002,1000000,Adam,1e-08,-533.9964349171834,-541.6824040491241,NaN,so2
2,2e-05,1000000,Adam,1e-08,-533.9964349171834,-541.6824040491243,-533.9989017887419,so2
3,2e-06,1000000,Adam,1e-08,-533.9964349171834,-541.6824040491241,-534.0028287938486,so2
4,2e-07,1000000,Adam,1e-08,-533.9964349171834,-541.6824040491242,-533.996436354919,so2
5,2e-08,1000000,Adam,1e-08,-533.9964349171834,-541.6824040491241,-533.9964350609577,so2
0,0.002,1000000,Adam,1e-08,-603.5499713427582,-612.9543459597917,NaN,so3
1,0.0002,1000000,Adam,1e-08,-603.5499713427582,-612.9543459597912,-603.6022984136825,so3
2,2e-05,1000000,Adam,1e-08,-603.5499713427582,-612.9543459597915,-603.6041635078025,so3
3,2e-06,1000000,Adam,1e-08,-603.5499713427582,-612.9543459597912,-603.5795925523723,so3
4,2e-07,1000000,Adam,1e-08,-603.549971342758,-612.9543459597915,-603.5499722589957,so3
5,2e-08,1000000,Adam,1e-08,-603.5499713427582,-612.9543459597912,-603.5499714343835,so3
0,0.002,1000000,Adam,1e-08,-144.12498755116,-147.61903522906763,-54.92824507474842,t-butadiene
1,0.0002,1000000,Adam,1e-08,-144.12498755116,-147.61903522906775,-144.78360356976057,t-butadiene
2,2e-05,1000000,Adam,1e-08,-144.12498755116005,-147.61903522906775,-144.729426725354,t-butadiene
3,2e-06,1000000,Adam,1e-08,-144.12498755116,-147.61903522906707,-144.67526773894096,t-butadiene
4,2e-07,1000000,Adam,1e-08,-144.12498755116,-147.6190352290677,-144.61521255259632,t-butadiene
5,2e-08,1000000,Adam,1e-08,-144.12498755116005,-147.6190352290677,-144.12498834957776,t-butadiene
0,0.002,1000000,Adam,1e-08,-142.32805682593852,-146.53713428699365,-92.85085785184418,tetrahedrane
1,0.0002,1000000,Adam,1e-08,-142.32805682593852,-146.53713428699308,-134.83094316572624,tetrahedrane
2,2e-05,1000000,Adam,1e-08,-142.32805682593852,-146.53713428699308,-143.52006464598497,tetrahedrane
3,2e-06,1000000,Adam,1e-08,-142.32805682593852,-146.5371342869932,-143.4593251594478,tetrahedrane
4,2e-07,1000000,Adam,1e-08,-142.32805682593852,-146.53713428699393,-143.34122438628089,tetrahedrane
5,2e-08,1000000,Adam,1e-08,-142.32805682593852,-146.53713428699257,-142.3280580240027,tetrahedrane
0,0.002,1000000,Adam,1e-08,-108.89145617651616,-111.34460313996158,NaN,t-hcoh
1,0.0002,1000000,Adam,1e-08,-108.89145617651616,-111.34460313996168,NaN,t-hcoh
2,2e-05,1000000,Adam,1e-08,-108.89145617651616,-111.3446031399616,-108.89875068912828,t-hcoh
3,2e-06,1000000,Adam,1e-08,-108.89145617651616,-111.34460313996163,-108.8968924772946,t-hcoh
4,2e-07,1000000,Adam,1e-08,-108.89145617651616,-111.34460313996152,-108.89145726020286,t-hcoh
5,2e-08,1000000,Adam,1e-08,-108.89145617651616,-111.34460313996172,-108.89145628488558,t-hcoh
0,0.002,1000000,Adam,1e-08,-533.7782952227997,-541.9838481954504,NaN,thiophene
1,0.0002,1000000,Adam,1e-08,-533.7782952227997,-541.9838481954506,-533.7940930217686,thiophene
2,2e-05,1000000,Adam,1e-08,-533.7782952227997,-541.9838481954497,-533.7131361038645,thiophene
3,2e-06,1000000,Adam,1e-08,-533.7782952227996,-541.9838481954491,-533.7093153538534,thiophene
4,2e-07,1000000,Adam,1e-08,-533.7782952227997,-541.983848195451,-533.7782930849839,thiophene
5,2e-08,1000000,Adam,1e-08,-533.7782952227997,-541.9838481954514,-533.7782950090193,thiophene
0,0.002,1000000,Adam,1e-08,-195.7564707093129,-200.5436510992605,NaN,t-hono
1,0.0002,1000000,Adam,1e-08,-195.7564707093129,-200.54365109926027,NaN,t-hono
2,2e-05,1000000,Adam,1e-08,-195.7564707093129,-200.5436510992604,-196.20796088890296,t-hono
3,2e-06,1000000,Adam,1e-08,-195.7564707093129,-200.54365109926027,-196.20551372841285,t-hono
4,2e-07,1000000,Adam,1e-08,-195.75647070931285,-200.54365109926027,-195.756475567634,t-hono
5,2e-08,1000000,Adam,1e-08,-195.7564707093129,-200.5436510992604,-195.75647119514696,t-hono
0,0.002,1000000,Adam,1e-08,-104.44917473643429,-107.16950455577114,NaN,t-n2h2
1,0.0002,1000000,Adam,1e-08,-104.44917473643429,-107.16950455577108,-99.47366169345868,t-n2h2
2,2e-05,1000000,Adam,1e-08,-104.44917473643429,-107.16950455577108,-104.49618769292768,t-n2h2
3,2e-06,1000000,Adam,1e-08,-104.44917473643429,-107.16950455577104,-104.56149107453302,t-n2h2
4,2e-07,1000000,Adam,1e-08,-104.44917473643429,-107.16950455577114,-104.44917880865876,t-n2h2
5,2e-08,1000000,Adam,1e-08,-104.44917473643429,-107.16950455577124,-104.44917514365876,t-n2h2
0,0.002,1000000,Adam,1e-08,-1169.566161143151,-1185.775463297642,NaN,trans-c2f2cl2
1,0.0002,1000000,Adam,1e-08,-1169.5661611431512,-1185.7754632976423,NaN,trans-c2f2cl2
2,2e-05,1000000,Adam,1e-08,-1169.5661611431512,-1185.7754632976412,-1169.5268444653914,trans-c2f2cl2
3,2e-06,1000000,Adam,1e-08,-1169.5661611431512,-1185.775463297642,-1169.5683702664714,trans-c2f2cl2
4,2e-07,1000000,Adam,1e-08,-1169.5661611431506,-1185.7754632976416,-1169.5661639358864,trans-c2f2cl2
5,2e-08,1000000,Adam,1e-08,-1169.5661611431512,-1185.7754632976412,-1169.5661614224284,trans-c2f2cl2
